rootScript, transitiveSuccessors, treeDepth, treeWidth
kkrt,5,5,2
vzaxbzkm,2,3,1
awnla,9,10,1
eswb,4,5,1
hcbra,1,2,1
bvgejjqz,1,2,1
ghgp,1,2,1
pptxcbbp,2,3,1
mugz,7,7,2
oqds,3,4,1
oqdb,3,3,2
oqct,1,2,1
isaj,9,8,2
isag,2,3,1
oqcf,1,2,1
vabh,1,2,1
zeeh,2,3,1
esrw,1,2,1
aoeua,60,13,17
aaynujwz,4,3,3
vadx,1,2,1
kckubmzl,2,3,1
uawkemay,1,2,1
esps,1,2,1
vacj,3,3,2
vani,1,2,1
esnv,521,317,10
cqhs,1,2,1
lyoma,1,2,1
esmq,1,2,1
mupe,5,4,3
muoq,1,2,1
bhebgmpo,2,3,1
kkly,1,2,1
isjk,6,5,3
svig,6,7,1
bigoxlig,1,2,1
srcka,1,2,1
dflpa,1,2,1
kkkm,1,2,1
ibvqudeq,1,2,1
kkff,2,3,1
opun,3,4,1
svdr,1,2,1
ennwa,2,3,1
isbz,2,3,1
svqxibdq,1,2,1
vall,2,2,2
bwija,2,3,1
kkgx,1,2,1
vtwzztul,1,2,1
ckepb,2,3,1
esef,3,4,1
vavf,3,4,1
irms,1,2,1
jjibweil,1,2,1
vaut,1,2,1
zeyq,2,3,1
muyb,2,3,1
mmlya,2,3,1
kkcn,1,2,1
iror,4,5,1
iroq,1,2,1
irpf,1,2,1
muze,57,16,22
vaxt,2,3,1
suzp,6,7,1
sznfa,1,2,1
irip,1,2,1
zevj,1,2,1
wstexemm,1,2,1
esqnbykb,16,10,4
lrkxb,1,2,1
hvcwb,6,5,2
ervudnvn,14,10,3
zewo,4,5,1
irvk,1,2,1
iruv,1,2,1
qcovvxgu,1,2,1
ghqe,1,2,1
kjyd,1,2,1
yqsqa,2,2,2
kjzs,8,8,2
oqkv,1,2,1
nolwgexu,3,4,1
mvch,5,6,1
cpzmrpcz,1,2,1
myjoa,57,56,2
qgvmqtmq,63,52,2
erzn,1,2,1
xeibnlbo,1,2,1
cqvl,11,10,2
cqsr,4,5,1
vazd,1,2,1
eryj,2,3,1
pfwrb,1,2,1
zeph,1,2,1
nuaoqair,2,3,1
ngxfjzki,1,2,1
sutr,3,4,1
tsbnkqps,1,2,1
suuf,1,2,1
errp,1,2,1
fexkb,1,2,1
cozs,2,3,1
wyupngwl,1,2,1
kluu,1,2,1
gsqxdcre,6,7,1
mvkd,1,2,1
zdjz,5,5,2
dbbfkteo,1,2,1
zdjf,2,3,1
mreslpqb,6,6,2
bhehgpzk,10,11,1
zdhr,4,5,1
mviv,2,3,1
ggex,2,3,1
zder,1,2,1
zdex,4,5,1
ehbvudes,5,4,3
klsm,1,2,1
orbc,1,2,1
ermm,1,2,1
qatqzgbo,3,4,1
iqzh,7,8,1
mvfm,2,2,2
iqyn,2,3,1
suif,1,2,1
mvtl,15,15,2
mvty,1,2,1
dmrob,5,5,2
cpcf,2,3,1
wkzmmbbz,1,2,1
zdbi,1,2,1
zwyhfgxs,1,2,1
mvro,1,2,1
mvqz,10,8,3
dlsnekuy,4,5,1
clpmdrsl,1,2,1
zagzdkyb,2,3,1
tpihgnol,37,31,2
ircw,3,4,1
klir,1,2,1
oqxm,1,2,1
iytna,1,2,1
awoza,8,7,2
enoxa,2,3,1
awozc,1,2,1
mvnp,4,4,2
klhh,1,2,1
cpae,1,2,1
erfz,3,4,1
irae,4,3,3
kleh,6,7,1
zjwga,1,2,1
ggxk,1,2,1
sngxflsv,4,4,2
mvyr,2,3,1
ggvf,2,3,1
erdb,1,2,1
gzcqlpnj,53,33,5
jyvsrcem,2,3,1
vkmtcsdf,4,5,1
arxpa,26,18,2
orqz,5,6,1
orsn,1,2,1
gczva,3,4,1
mvyo,20,11,9
zgzja,5,5,2
wquzjpwh,5,4,2
vkkma,5,6,1
cpsxvebc,2,3,1
zdue,5,5,2
ucmvspez,1,2,1
ptviwzgz,1,2,1
eqwr,1,2,1
iqvp,4,5,1
kkzn,1,2,1
cpwf,2,2,2
sttw,20,17,3
gybqcttk,1,2,1
cpob,1,2,1
kkxb,1,2,1
hgwla,1,2,1
iqqq,2,3,1
matlavjh,32,30,2
axgtjhug,1,2,1
lwmua,2,3,1
bhfdyuuf,13,11,3
iiippuvc,2,3,1
ggis,1,2,1
xhsxkagm,7,8,1
nmoztfgr,19,19,2
ftnwa,16,9,8
fjmma,1,2,1
orie,11,10,2
kkwd,1,2,1
qypy,1,2,1
euvs,1,2,1
mwhi,8,9,1
msiqtzon,1,2,1
gjgm,1,2,1
mtnma,2,3,1
zcbx,2,3,1
mwjp,3,2,3
skbwbogo,3,4,1
pjjfa,1,2,1
agttprqc,1,2,1
aogwa,2,2,2
stmk,6,7,1
kyqvvhbt,2,2,2
euzh,1,2,1
zctca,1,2,1
stoe,1,2,1
gjny,1,2,1
stms,3,4,1
kywfa,1,2,1
mwpn,2,3,1
xgoifdxk,2,3,1
onpc,1,2,1
ajpqa,4,5,1
zumifzwl,1,2,1
iuiz,1,2,1
zbzr,11,12,1
iulc,2,3,1
mwtv,1,2,1
ontp,1,2,1
iukt,2,3,1
cskw,2,3,1
csky,3,4,1
kmpo,4,5,1
arwba,15,16,1
kmqm,1,2,1
csjv,4,5,1
ayybtleg,2,3,1
yjhfkxwf,1,2,1
euee,2,2,2
zcrz,8,9,1
oojj,1,2,1
ftpvjlbx,1,2,1
qokza,2,3,1
hsuhcngg,1,2,1
qyal,2,3,1
aogha,3,3,2
plfecqnk,1,2,1
iksja,1,2,1
csnh,1,2,1
oomv,8,4,6
qydz,2,3,1
lneka,8,7,2
kmgz,1,2,1
eugo,2,3,1
wcsja,4,5,1
wdvnfakq,1,2,1
sjauflxv,4,5,1
qygj,8,9,1
lymva,1,2,1
mxap,1,2,1
oobx,3,4,1
gjpn,1,2,1
klys,1,2,1
csus,1,2,1
gjqz,1,2,1
gjrq,1,2,1
vdjbpnle,2,3,1
sspv,1,2,1
gjst,5,6,1
mxei,14,13,2
jooya,1,2,1
sssr,7,8,1
eubm,30,5,25
qynd,18,6,5
qymg,9,8,3
gjvv,14,13,2
ddsnvcfm,3,4,1
oohv,1,2,1
mxly,1,2,1
wyvka,1,2,1
zbai,13,10,2
oomsihgw,1,2,1
fplhb,7,8,1
pjkga,1,2,1
epsja,1,2,1
gsfestne,1,2,1
qzrc,15,9,3
mxij,1,2,1
knsu,1,2,1
etvm,3,4,1
ezdyb,7,8,1
zbfz,8,9,1
opar,1,2,1
knxw,1,2,1
uiqgquxv,6,7,1
idsna,26,23,2
ssjf,11,5,3
mxmf,14,9,5
iwveofrw,3,4,1
knnp,3,3,2
etjn,1,2,1
nzoguxgh,1,2,1
ootk,4,4,2
etid,3,2,3
crcr,1,2,1
oorb,1,2,1
oorc,1,2,1
mxxx,2,3,1
pllya,1,2,1
etno,12,10,3
kxdda,1,2,1
zjtza,13,8,5
ttbga,4,4,2
knor,1,2,1
crih,2,3,1
oovq,1,2,1
ssaw,17,5,6
pfzkb,1,2,1
knpk,1,2,1
zbrs,1,2,1
bfwxa,4,4,2
ayxca,4,5,1
srvj,1,2,1
gwmquanm,1,2,1
isnw,3,4,1
opoe,13,11,2
aofga,10,11,1
islu,1,2,1
giwh,1,2,1
ywala,3,4,1
qzbg,6,4,4
qzbu,1,2,1
qzbj,3,2,3
qzge,8,7,3
isrc,8,8,2
myaj,1,2,1
dqwua,6,4,4
sorjvrpi,2,3,1
isqr,1,2,1
croi,4,5,1
iykcecrk,2,3,1
opsc,10,11,1
myaz,3,4,1
etev,1,2,1
mybc,4,4,2
qvbtobgm,5,6,1
sryh,2,2,2
qzfi,1,2,1
opev,1,2,1
tcpba,2,2,2
srmq,1,2,1
tcpca,2,3,1
nwxjxqex,1,2,1
qzke,1,2,1
zbip,1,2,1
opcx,1,2,1
opcl,5,2,5
phteruwd,1,2,1
yylha,1,2,1
zboe,1,2,1
crwh,1,2,1
jtcovhjq,1,2,1
qzof,5,6,1
qzpy,1,2,1
nyvhyxvc,1,2,1
giuc,1,2,1
uigca,15,11,3
zrglehdg,1,2,1
giqq,4,4,2
srov,1,2,1
mpmbpgvz,1,2,1
opig,3,4,1
sxrcoavt,2,3,1
altxa,3,4,1
qwxp,2,2,2
aagf,1,2,1
qwxu,2,3,1
vzshpglk,1,2,1
ioan,6,3,3
gliy,23,18,3
qwzh,1,2,1
nstvlqwu,1,2,1
mqjh,2,3,1
rbxwa,2,3,1
ruqfhtct,1,2,1
wgxewewl,6,5,2
gldd,1,2,1
szmo,7,8,1
qwuz,1,2,1
gler,5,5,2
ndnslsqu,1,2,1
qlksa,1,2,1
ewpg,2,3,1
kops,1,2,1
wmmznueh,1,2,1
ahbpgtlm,9,10,1
cbngahwx,7,8,1
szxl,1,2,1
qwox,11,5,5
mmjclpev,5,5,2
bxnkmwoz,5,6,1
qpslmtwb,1,2,1
crcyjatq,1,2,1
lbtda,1,2,1
qwqy,1,2,1
qwse,2,2,2
club,14,13,2
aail,1,2,1
glku,1,2,1
auaca,1,2,1
ibnihhmo,1,2,1
mpzx,1,2,1
dyosxujz,1,2,1
kovr,7,7,2
kowj,2,3,1
insv,3,4,1
glnh,11,9,3
aahs,1,2,1
clpj,1,2,1
gloi,2,3,1
aaib,4,4,2
qwhe,1,2,1
tuksahbm,1,2,1
wweuvnox,1,2,1
mqxw,1,2,1
ogxihpah,20,20,2
aavj,30,21,4
mqwv,2,3,1
cmnd,2,3,1
llvxsybl,1,2,1
fmaixptt,16,10,4
laosa,12,8,4
cmmw,1,2,1
mqud,3,4,1
aasm,3,4,1
gltu,3,4,1
mqtz,2,3,1
mqtn,3,4,1
qwfg,18,13,5
wsjva,2,3,1
aapq,2,2,2
aapx,30,5,25
mqut,2,3,1
infg,9,10,1
ewnk,34,32,2
jqpub,1,2,1
iiqeakny,13,12,2
ennzdwlp,16,13,2
rxkfonss,2,3,1
zate,1,2,1
cmfk,1,2,1
szjj,13,4,8
uwjeaiqw,20,12,2
iolgugni,1,2,1
ewkp,2,3,1
mqre,5,5,2
zaty,3,2,3
atemgpfp,2,3,1
foqclfqn,6,6,2
szdc,1,2,1
qlkvfrwc,1,2,1
vweea,2,3,1
aayp,1,2,1
indv,1,2,1
glera,1,2,1
wzrpgdjh,7,7,2
aaxt,4,4,2
emzfeoqm,1,2,1
cmal,3,4,1
cmai,1,2,1
ovey,5,5,2
abfz,2,3,1
evrw,10,10,2
skxya,1,2,1
mrmb,4,5,1
abfe,3,3,2
kpvq,3,3,2
kpvu,2,3,1
gkct,3,4,1
gkcs,1,2,1
zepzxreq,3,4,1
ckuo,2,3,1
umldmnae,12,12,2
qcprshhl,1,2,1
kprp,1,2,1
gnfna,1,2,1
tpila,2,3,1
udfma,1,2,1
ckqw,1,2,1
uqxeacyh,1,2,1
qxss,1,2,1
sywr,2,3,1
alvba,1,2,1
skybb,1,2,1
syxt,1,2,1
syxr,4,5,1
abos,6,7,1
uzzf,2,3,1
rxjeqbbu,1,2,1
mlngqwlp,1,2,1
qormgaxd,3,4,1
uzyz,9,9,2
sywn,1,2,1
mrbq,3,4,1
gkoj,5,5,2
ovlt,2,3,1
abij,2,3,1
gkkz,17,15,2
uzye,1,2,1
cknl,7,8,1
abjk,2,3,1
syug,2,3,1
siwqa,2,3,1
ovjj,1,2,1
evwr,1,2,1
qxmt,1,2,1
uzuw,1,2,1
ovgf,1,2,1
wmbzb,7,8,1
kpyf,4,5,1
ftsya,28,11,5
imoj,2,3,1
abwg,7,7,2
abvx,2,3,1
gnfba,6,5,2
gkwp,6,7,1
clmu,1,2,1
qxiv,8,9,1
abrv,2,3,1
oxzpa,2,3,1
sxzi,1,2,1
imih,3,4,1
iucwa,5,5,2
abuh,1,2,1
sapua,10,11,1
olyba,3,4,1
xsoebcrp,2,3,1
mbixufgx,2,3,1
rldsa,26,12,5
zqxlb,2,3,1
rupna,1,2,1
icmlrqtl,11,12,1
zhuvyuyl,1,2,1
glay,11,9,2
glao,1,2,1
clfh,1,2,1
clfj,3,4,1
tioxa,2,3,1
qxas,6,4,3
trqnnilh,2,3,1
thccbuti,2,3,1
abzb,7,6,2
plsza,2,3,1
wjtlakgh,12,13,1
owrfdhtf,2,3,1
kphz,9,8,2
lketcrgh,1,2,1
cfvla,5,6,1
kqqo,1,2,1
bymba,6,7,1
acez,4,5,1
orwz,1,2,1
eyuv,27,26,2
eyvf,94,9,25
riqra,6,7,1
acgd,6,7,1
qurl,3,3,2
quqt,1,2,1
lbvma,1,2,1
msjf,1,2,1
qusc,4,4,2
facqmcmh,3,3,2
aolja,1,2,1
fpqla,1,2,1
eyyg,2,3,1
xgaza,2,3,1
mskf,2,3,1
gnkl,4,2,4
cnzvuqjb,37,7,19
ikxja,2,3,1
acke,3,4,1
sxlg,11,11,2
wcwla,2,3,1
nydga,4,5,1
sxmu,16,4,8
msnu,2,2,2
gnnm,1,2,1
sxoc,1,2,1
quwi,3,4,1
kqyc,1,2,1
ofxqskdl,17,11,4
achx,1,2,1
cnvf,33,31,2
acnh,11,9,2
osal,1,2,1
ldwwa,9,4,6
aebmjdgr,1,2,1
kqyy,2,3,1
cnuo,23,20,4
uyty,1,2,1
uytp,2,3,1
acoj,2,3,1
quik,1,2,1
osch,3,4,1
quiw,3,4,1
yacgb,1,2,1
osdn,1,2,1
mscv,1,2,1
cnyr,2,2,2
aogsjasc,4,5,1
wnkqqljg,1,2,1
msdv,3,4,1
wrkqgtmh,1,2,1
cnzu,4,4,2
gnty,4,5,1
sxus,19,13,3
quml,4,5,1
gnvh,1,2,1
isdja,2,3,1
epavndcw,1,2,1
krbt,5,5,2
msfg,1,2,1
pqfxa,1,2,1
msxt,1,2,1
copr,13,7,2
swwr,4,5,1
ipni,2,3,1
ipod,1,2,1
copu,3,4,1
kqby,1,2,1
uzni,1,2,1
zhzknwkd,3,2,3
gnwz,2,3,1
uzmx,2,3,1
swyi,4,5,1
qubz,3,3,2
rppnhetj,5,3,4
ecjdb,1,2,1
hwzcahhi,1,2,1
acsq,3,4,1
come,1,2,1
comq,1,2,1
kqfk,1,2,1
swzx,101,18,26
qudn,1,2,1
qudd,2,3,1
osnd,2,3,1
adrhwovw,1,2,1
uzrk,35,18,4
ipqy,1,2,1
eygv,1,2,1
hbzua,1,2,1
rxrqypbz,1,2,1
uztz,1,2,1
ipum,1,2,1
kqhy,1,2,1
kqgi,2,3,1
uzti,1,2,1
coqz,7,8,1
kqgx,1,2,1
yactb,9,10,1
gobf,2,3,1
cohg,1,2,1
kqjo,1,2,1
eylw,1,2,1
sklxrxdu,2,2,2
sxbu,2,3,1
osui,1,2,1
atjlbwly,31,28,2
tffgubfc,2,3,1
osti,1,2,1
agcpa,2,2,2
hlrfa,5,6,1
uzjo,1,2,1
kqnw,1,2,1
oswi,1,2,1
ipjk,1,2,1
addb,6,5,2
goff,1,2,1
vtrda,2,3,1
sxfb,3,4,1
txsfa,4,4,2
sxfm,2,3,1
xegisuvm,4,5,1
uzlx,8,9,1
mwkwupif,14,14,2
uzmd,4,4,2
zcpoa,1,2,1
kqpj,9,9,2
sxeb,5,3,3
kqox,1,2,1
eyob,1,2,1
adab,17,5,12
mtko,2,3,1
aded,6,7,1
mtkg,34,23,3
swgg,1,2,1
nwbma,1,2,1
qvst,1,2,1
adfl,1,2,1
dmpga,2,3,1
adfo,5,6,1
aokhb,7,7,2
wuzsxdgj,5,6,1
hcesb,2,3,1
adhj,3,4,1
vwfoa,2,3,1
adik,1,2,1
adiq,2,3,1
adjg,5,6,1
qvym,2,3,1
otbw,62,57,2
rizzsytg,1,2,1
cnag,2,3,1
mtnf,1,2,1
pjgja,15,13,3
mtcr,2,3,1
swox,10,10,2
gmoo,1,2,1
mtcb,1,2,1
exyq,1,2,1
swpr,1,2,1
blvvxjdd,1,2,1
arzfa,5,5,2
adqf,1,2,1
iott,1,2,1
otdq,4,4,2
iozr,1,2,1
adrc,6,7,1
uicemdrl,1,2,1
adqo,1,2,1
dcabzkul,1,2,1
gmsn,1,2,1
adsb,2,3,1
klorzrbb,18,18,2
gmsk,1,2,1
othh,1,2,1
qvnv,3,3,2
qqkzyheb,2,3,1
cmxu,2,3,1
exap,3,2,3
svwl,1,2,1
jmkqa,2,3,1
xkfiudvt,7,8,1
qvco,2,3,1
otmv,1,2,1
advn,1,2,1
qvci,32,5,23
alwpb,14,4,11
jxenvyvf,1,2,1
gmwp,16,5,13
qmahatlz,7,8,1
kktea,12,9,2
adxn,2,3,1
lnava,1,2,1
pgluqgng,1,2,1
uykt,5,5,2
cnpp,3,4,1
rokxdhtk,4,5,1
ahhqwljw,2,3,1
cnog,1,2,1
muat,1,2,1
qvgl,1,2,1
ajvjb,1,2,1
krgx,1,2,1
exgg,5,5,2
qveo,9,8,2
mtts,6,7,1
ethga,1,2,1
mttc,1,2,1
mtsn,1,2,1
uydg,1,2,1
exlw,3,4,1
srvdkkyx,1,2,1
quwx,1,2,1
aedw,1,2,1
eckba,1,2,1
wepuvhfd,2,3,1
exmc,2,3,1
gnem,2,3,1
qgupmydq,62,33,12
iohc,2,3,1
aeer,8,7,2
ncvrhqjz,1,2,1
swal,2,3,1
vytksnmp,1,2,1
cnih,1,2,1
idnsa,3,3,2
qmkzfddl,1,2,1
kssq,1,2,1
faibrqzc,30,31,1
rvsvlynu,5,6,1
ssshazkx,1,2,1
nyfda,2,3,1
oidl,4,5,1
vjjd,1,2,1
qrvp,2,3,1
rllnkhhk,1,2,1
zhkla,1,2,1
cbeknhig,3,3,2
tjrzbwre,3,4,1
ptvnueij,1,2,1
jykiufzs,1,2,1
asnpjccj,4,4,2
chzk,1,2,1
iiyc,1,2,1
ryyka,1,2,1
iiyh,1,2,1
afdf,8,8,2
tvnuqdru,3,4,1
qrsl,3,4,1
ejjc,3,4,1
bquofjqo,7,7,2
xnidbcnr,2,3,1
xfobufmj,1,2,1
obgteygj,4,3,2
aexx,1,2,1
aeyz,1,2,1
ejib,3,4,1
nugpngec,1,2,1
ydhdyfqc,3,4,1
viyb,1,2,1
vixf,4,5,1
aest,4,4,2
rikja,2,3,1
qshm,1,2,1
ohpr,1,2,1
adqja,2,3,1
chgn,3,4,1
ijjw,1,2,1
virz,1,2,1
ijjt,2,3,1
obqoa,1,2,1
xkfgoflu,2,3,1
umpwbios,3,4,1
ohls,2,3,1
wnzna,3,4,1
ekbx,3,4,1
ekad,1,2,1
scywnioi,1,2,1
ekan,2,3,1
chiv,1,2,1
vjay,5,5,2
atqrafqg,5,6,1
lkbhazbt,12,7,2
auezpvld,1,2,1
qsrj,1,2,1
ijwk,1,2,1
qspq,4,4,2
bzjvhpzj,21,18,3
oiufwhpy,1,2,1
fljstpjp,8,5,3
qsnn,1,2,1
ohfv,56,14,20
ggsea,1,2,1
ddada,3,4,1
kmsda,7,8,1
ejyc,2,3,1
pvofa,4,4,2
aejq,1,2,1
nosuhtuk,2,3,1
qsxc,1,2,1
qsys,2,3,1
vhjsaahh,2,3,1
aggp,1,2,1
cgzg,3,3,2
viht,1,2,1
sssmzlcp,2,3,1
agej,1,2,1
fruza,2,3,1
agem,7,4,5
akfrwzcx,1,2,1
ihvh,18,18,2
einf,11,12,1
qssx,1,2,1
eioi,3,3,2
qsvs,3,2,3
ihwx,1,2,1
qsvd,1,2,1
agcm,1,2,1
ktrw,1,2,1
eilm,3,4,1
djuutucm,5,6,1
qswc,2,3,1
jgkka,1,2,1
ojbh,2,2,2
eimc,12,12,2
qsvx,2,2,2
yutxygzp,2,3,1
eiik,1,2,1
vimn,1,2,1
ktkq,1,2,1
qtbg,2,3,1
vinw,5,4,3
chfi,7,2,7
ktli,5,4,2
chcs,1,2,1
jexltjnt,1,2,1
chcl,2,2,2
zggkuauf,3,3,2
eysjjnxf,8,8,2
eihk,1,2,1
ruwozacl,2,3,1
xhpxewqf,6,6,2
oivp,2,3,1
chbi,6,6,2
vijx,1,2,1
kwpnuhay,1,2,1
ktiu,7,8,1
irusqhtt,1,2,1
vikt,3,4,1
pnsnicqs,1,2,1
vikz,1,2,1
yzvi,2,3,1
wuztb,1,2,1
atriqwfs,2,3,1
yzwu,17,8,4
aftba,8,9,1
cgkh,1,2,1
cgkg,2,3,1
ejcy,2,3,1
rmlvxodz,20,19,2
qtiu,4,4,2
rprwqaau,3,4,1
cmhfaajf,7,8,1
iimm,1,2,1
afvk,1,2,1
xusla,1,2,1
cghy,1,2,1
vdcxa,8,6,3
yzsc,22,14,6
kuae,2,3,1
rguyheas,1,2,1
cghb,6,5,2
afrz,2,3,1
zawqhheu,3,4,1
fbogfnrd,5,5,2
afrp,1,2,1
cgfo,1,2,1
qthf,4,5,1
cknoa,1,2,1
vhqs,1,2,1
ygaya,2,3,1
vhxgb,1,2,1
kuby,2,3,1
yzty,1,2,1
vhqn,2,3,1
kucj,2,2,2
aulnb,1,2,1
whsfa,1,2,1
cguh,1,2,1
fvkjnfrz,7,8,1
qtse,1,2,1
afpy,5,5,2
yznz,2,3,1
hjlmibag,4,5,1
qttw,2,3,1
afnk,1,2,1
ftfsktjw,1,2,1
ktskxhyr,1,2,1
znqovkrm,1,2,1
vuzzaivx,3,4,1
yzpz,3,4,1
iivs,7,7,2
pwycsrbi,1,2,1
cgrb,2,3,1
afnh,7,7,2
vbzbqutv,3,4,1
iiqn,1,2,1
yzjn,1,2,1
yzjq,38,11,22
oihy,1,2,1
afke,23,17,3
afjn,1,2,1
afjq,1,2,1
afjc,2,2,2
ktyy,2,3,1
qtpi,1,2,1
ktyq,15,16,1
afie,6,6,2
bflza,128,122,3
nailjinb,3,4,1
nako,1,2,1
ahex,2,3,1
najz,1,2,1
dihfvlle,19,19,2
vhbj,2,3,1
nnrpa,7,6,2
wahpa,10,9,2
eltl,11,6,2
uugha,1,2,1
uinba,2,2,2
ahyjdqbv,1,2,1
yzby,12,10,2
kuqk,45,44,2
ahgh,8,9,1
elsn,8,8,2
qpnq,1,2,1
atxystpf,13,7,6
elue,3,4,1
qpoe,4,3,2
ildw,2,3,1
vhet,1,2,1
napy,7,7,2
tmyzqgob,1,2,1
konxjaym,1,2,1
qpus,18,11,5
yzgv,7,7,2
ildn,5,3,4
oprqrtxe,1,2,1
yzfq,1,2,1
gblk,1,2,1
iswrugfv,1,2,1
elwu,4,3,2
mdeda,1,2,1
memrzzhh,2,3,1
zxmxa,1,2,1
nanu,1,2,1
gbme,2,3,1
yzep,1,2,1
yzem,8,9,1
gdaca,1,2,1
kwzza,21,16,4
sozma,1,2,1
ckfb,9,4,3
ilib,2,3,1
vhjb,5,3,4
eljy,2,3,1
phvjmtgz,1,2,1
qpvj,9,5,5
ileo,41,8,25
qpvl,2,3,1
ofpv,2,3,1
ckge,1,2,1
iuica,1,2,1
eiekadkc,1,2,1
vhlz,2,3,1
ofvj,1,2,1
pgxiqwld,1,2,1
ahau,3,4,1
illj,4,5,1
gbft,4,5,1
azibzosf,2,3,1
ahbp,4,5,1
elok,1,2,1
maigealf,2,3,1
iyjkmpxy,46,42,2
ckld,2,2,2
kagla,3,4,1
navl,4,5,1
bxvubznn,4,4,2
cklo,2,2,2
smvbuorz,1,2,1
vhli,3,4,1
kunz,3,3,2
emdv,17,16,3
yyqx,1,2,1
cjlo,1,2,1
mvona,1,2,1
maowa,12,6,3
gaxj,1,2,1
ilol,1,2,1
aztzagvv,1,2,1
qcenb,1,2,1
waiba,27,10,6
vgmy,3,3,2
cjmp,1,2,1
vkyyubbi,11,10,2
agyl,2,3,1
emhp,2,3,1
mxqbgvuq,7,8,1
agxm,3,3,2
ofmz,1,2,1
vgsq,2,2,2
iltp,8,8,2
kvis,1,2,1
ofnk,2,3,1
teevdrmr,1,2,1
emjv,1,2,1
byopqfru,1,2,1
ofmo,2,3,1
emiy,2,3,1
cjrj,1,2,1
ifzsjsbn,6,6,2
yyjc,1,2,1
wqaergmi,4,5,1
aglo,41,40,2
gapv,1,2,1
ilyq,1,2,1
cjuc,1,2,1
gapm,3,3,2
nacm,5,5,2
agnn,2,2,2
qrikwech,2,3,1
vgvg,7,8,1
qqgy,1,2,1
xyyub,1,2,1
cjuo,1,2,1
ganh,6,6,2
ofgi,4,4,2
kvbc,2,3,1
nwbebmqp,25,19,2
iwsca,1,2,1
emaz,22,19,2
lxxosjek,6,7,1
naex,2,2,2
gasi,1,2,1
nafi,1,2,1
yymh,1,2,1
gmhnmogi,8,8,2
naec,1,2,1
agrc,1,2,1
ekrf,10,6,3
aiiu,4,3,3
iwuea,1,2,1
nbkc,22,12,3
ogzx,2,2,2
gjava,1,2,1
kvts,8,9,1
ekoi,7,5,3
gttcwkvb,1,2,1
erkja,2,3,1
aihq,7,8,1
nbnn,3,4,1
kvvx,1,2,1
aihl,1,2,1
ekpm,2,3,1
yhvrubus,1,2,1
ekpx,2,3,1
aimo,1,2,1
aimm,2,3,1
aimt,1,2,1
gtovurqn,4,5,1
yiwlcjig,2,3,1
ssvoxnxq,3,4,1
kvyv,1,2,1
aikl,1,2,1
ailv,2,3,1
ikbx,1,2,1
ailf,2,3,1
vgdc,1,2,1
ipsijxhn,1,2,1
cjep,8,3,5
tboeootr,1,2,1
qxmbjnls,1,2,1
awdua,1,2,1
ypjfmjmh,2,3,1
ikdl,3,3,2
kvle,2,2,2
nbtr,2,3,1
yvwsb,3,3,2
ikef,4,5,1
kvmi,2,2,2
vggu,2,2,2
cjcr,8,3,5
afvoa,2,3,1
ogui,1,2,1
cjij,1,2,1
zsxub,1,2,1
cjid,1,2,1
nbwt,40,7,25
ogws,10,10,2
ogww,1,2,1
ogxq,1,2,1
ikil,2,3,1
ikjb,1,2,1
nbzq,1,2,1
elffa,1,2,1
kwfr,2,3,1
ahxv,3,2,3
phtfa,2,3,1
ikls,1,2,1
qjnma,2,3,1
oglu,5,6,1
ogme,1,2,1
pluma,2,2,2
ogle,11,7,3
ysvkhpqq,3,4,1
daara,1,2,1
elgz,19,12,3
miboa,3,4,1
yxsx,1,2,1
ikrx,1,2,1
ikrd,1,2,1
xeeua,6,7,1
kprbqzdl,2,3,1
ahyr,2,2,2
ahyy,2,3,1
ahyz,1,2,1
awdva,35,35,2
bdmha,3,4,1
ogcf,1,2,1
nbcy,1,2,1
ahpv,4,4,2
mzaohqjg,3,4,1
vfte,1,2,1
qrjl,5,4,2
ogbi,1,2,1
xnegtvnu,2,3,1
yxhb,3,4,1
tyrtnvfe,10,11,1
nbfh,1,2,1
kgtowzwg,9,10,1
uvxpvubq,1,2,1
ahto,2,2,2
ahty,7,7,2
qrns,11,12,1
qrnm,1,2,1
asqcadxo,5,6,1
kpyowwiz,1,2,1
infga,2,2,2
whcfrmgg,2,3,1
ahsk,1,2,1
lyjpgwzg,2,3,1
ikrfjabh,1,2,1
vfzh,1,2,1
ense,8,7,2
tcrq,3,4,1
mzlt,1,2,1
tiyfa,1,2,1
wcmga,3,4,1
qnxj,16,10,2
qnxb,3,4,1
tcpb,1,2,1
ywxh,1,2,1
erhba,2,3,1
ywxp,2,3,1
vfhu,2,3,1
vfhp,4,5,1
ywxu,5,3,2
ajgo,2,2,2
gdhj,3,4,1
ywyg,1,2,1
awiza,35,36,1
kwqf,1,2,1
ywwg,49,5,23
ieyn,13,14,1
enpv,1,2,1
qnsu,1,2,1
yvylokrt,6,5,2
rgvynzhv,4,4,2
ayoqkbgm,1,2,1
sctsclue,1,2,1
vfau,5,4,3
yxco,1,2,1
bnxva,12,10,2
ajmm,1,2,1
ajmv,2,3,1
ekjxsfif,1,2,1
ufieqtgy,7,5,4
vkpza,10,7,2
tcxw,1,2,1
kwyz,1,2,1
qnnd,1,2,1
tcxh,6,7,1
yxbe,1,2,1
awiqa,2,3,1
qnmd,56,13,25
qnml,1,2,1
kwxt,1,2,1
qhhbgzze,1,2,1
upmhfpue,1,2,1
ajif,2,3,1
gdmr,1,2,1
egacbplh,45,30,6
gdng,1,2,1
enxw,5,5,2
qnkh,2,3,1
ajlu,1,2,1
jaceuoew,19,7,3
exwja,1,2,1
mortimic,4,5,1
gdlj,3,4,1
tcsk,1,2,1
aisx,3,3,2
tdcj,2,3,1
ifpy,4,3,3
eoek,1,2,1
uwvtdslp,13,11,4
veuo,7,3,6
nmartvxr,25,23,2
tdag,1,2,1
ifmu,1,2,1
vevk,10,10,2
lpqzyomo,1,2,1
aiwb,3,4,1
kxdj,2,3,1
olpy,2,3,1
pnduxdgq,3,4,1
awjna,14,9,3
veub,1,2,1
aoava,10,10,2
mysm,1,2,1
ifim,1,2,1
aiqs,1,2,1
aisj,29,3,25
ifke,1,2,1
ifgk,1,2,1
vvtpxrrz,3,4,1
ifgr,1,2,1
mvtwtpnu,2,3,1
dgrvxypm,1,2,1
kxnd,3,4,1
myrg,14,15,1
ywqu,3,3,2
kxnr,2,3,1
tdli,2,3,1
ifeo,6,5,2
rigca,9,6,4
kxlh,2,2,2
gxhra,2,3,1
fjgdgiui,1,2,1
olvv,1,2,1
zfmoenfx,1,2,1
xtyttytl,3,4,1
mynb,1,2,1
kxjy,1,2,1
qnzs,1,2,1
algclqyq,39,10,25
ifbi,1,2,1
tdfb,1,2,1
gcgh,3,4,1
asfpa,3,4,1
yvvs,1,2,1
ldlna,1,2,1
kxte,2,3,1
idzh,2,3,1
buppa,1,2,1
akic,1,2,1
uxwgzjdi,2,3,1
jhvsnnws,1,2,1
ongc,6,6,2
akgz,1,2,1
yqewb,3,4,1
ymbla,8,9,1
emol,4,5,1
akfw,3,4,1
idwl,3,4,1
phupa,1,2,1
akfl,6,7,1
akey,1,2,1
idvy,1,2,1
yvsf,5,5,2
tbis,122,20,25
qowd,1,2,1
qows,6,7,1
awskqsfj,4,5,1
ccvx,1,2,1
yvtx,1,2,1
akcj,4,5,1
yvue,1,2,1
akrh,1,2,1
lhjtvypt,2,2,2
gcok,1,2,1
onlp,2,3,1
onld,1,2,1
tbuw,1,2,1
gcmu,9,8,2
akqv,1,2,1
sflfpfgm,7,8,1
onkm,2,3,1
gssezjje,3,4,1
akpp,13,10,3
iogluiwr,13,9,2
vrxlb,3,4,1
auhba,1,2,1
tjlxcmaw,1,2,1
tbrf,1,2,1
ccqg,3,4,1
vdxd,1,2,1
emvb,5,6,1
akms,1,2,1
ctxva,1,2,1
idqu,1,2,1
vdzv,3,4,1
tbts,1,2,1
emsr,3,4,1
aobzcwmh,2,3,1
qpip,2,3,1
vdsf,1,2,1
ajxj,1,2,1
uhsuvysl,1,2,1
ahzvuwgi,1,2,1
xbhmbjeq,2,3,1
awknb,1,2,1
gbud,1,2,1
ajxw,3,3,2
ccje,1,2,1
ajvf,1,2,1
dhrma,2,3,1
ajul,1,2,1
ajuy,2,3,1
omtq,1,2,1
wcmwa,2,3,1
fpewa,11,10,2
kyhn,2,3,1
xlueywnq,1,2,1
yvgp,1,2,1
enbh,4,3,3
kfbkahip,1,2,1
ienv,3,4,1
gbpg,2,3,1
mzvf,2,3,1
mzuy,1,2,1
yvbw,2,3,1
gbow,1,2,1
jtpokxxj,45,42,2
mzxd,1,2,1
kyct,3,4,1
yvdu,12,5,6
recqa,1,2,1
kyck,1,2,1
rmkxcqyi,5,6,1
qpgx,2,3,1
rnlnlnel,1,2,1
omql,15,15,2
elhub,1,2,1
oydka,5,6,1
vdlw,1,2,1
mrjea,1,2,1
tevra,5,6,1
kyok,13,14,1
ccaf,1,2,1
kyom,11,11,2
enjp,2,2,2
yvph,166,20,25
tccr,4,4,2
gbxl,1,2,1
gbxs,1,2,1
kyjx,5,5,2
gbyy,1,2,1
vdis,2,3,1
nyiua,2,3,1
kykq,1,2,1
iebq,1,2,1
vdjx,1,2,1
alfn,3,4,1
epqp,7,6,2
kyrl,5,3,3
ojyv,2,3,1
yuow,4,4,2
axccbqvw,5,6,1
yuqr,3,3,2
tagy,1,2,1
algi,2,2,2
hskmtyzn,2,2,2
wwgxexur,8,5,2
yupu,7,8,1
epvu,1,2,1
kyyg,2,3,1
riila,1,2,1
usaya,3,4,1
wuxfa,2,3,1
kyvw,1,2,1
ihby,1,2,1
vdde,6,7,1
alki,1,2,1
wdnkdzbb,4,4,2
gflk,1,2,1
eaoolqlc,1,2,1
afobirbw,1,2,1
zqrrwlro,1,2,1
cfwh,3,3,2
nqaoa,1,2,1
alow,1,2,1
oydxa,1,2,1
cojerhrr,1,2,1
alos,1,2,1
alrg,1,2,1
alqr,2,3,1
igyl,2,3,1
cfzx,1,2,1
cfzj,13,13,2
okei,2,3,1
vayha,3,4,1
qguxadfg,1,2,1
alsk,8,8,2
okey,1,2,1
eqcf,7,6,2
zgopajcq,9,10,1
nvwzb,1,2,1
eqby,7,8,1
cfkz,16,10,2
kzet,4,4,2
aktn,1,2,1
rvfrzork,1,2,1
qkigupff,1,2,1
jbwza,5,3,3
hzuzwkec,2,3,1
cflz,12,13,1
akvh,3,4,1
gevh,1,2,1
kzcx,3,3,2
bdjba,4,5,1
bmugylln,6,7,1
zbajctgx,2,3,1
eqhf,2,3,1
eqhr,10,9,2
vctn,11,12,1
akym,4,4,2
eqhw,1,2,1
kzgb,2,2,2
cfrw,1,2,1
yucv,23,9,11
bxugyzsc,16,13,3
vcgd,2,3,1
tbcb,2,2,2
yujn,1,2,1
eqke,4,3,3
cfcc,2,3,1
tbcf,2,3,1
yuis,1,2,1
incja,28,16,3
eqll,2,3,1
qlyt,6,6,2
yujd,2,3,1
qlyz,1,2,1
urajqwjz,1,2,1
kzkt,2,3,1
vcer,3,3,2
iheh,1,2,1
akdwaatj,1,2,1
yuhg,17,12,3
eqnk,1,2,1
qsrxa,4,4,2
vhlrdwkw,1,2,1
tbgp,2,2,2
ihks,1,2,1
gfet,1,2,1
ojvn,1,2,1
dxyla,1,2,1
kzrt,1,2,1
yumz,4,5,1
kzrr,2,3,1
ojwm,1,2,1
cfhq,1,2,1
uanra,1,2,1
yukq,1,2,1
aldm,1,2,1
vmpla,1,2,1
eqrt,1,2,1
qmqn,1,2,1
xuqpa,4,3,2
dafra,2,3,1
eopf,1,2,1
qmso,1,2,1
qpodbagq,1,2,1
qmro,1,2,1
nnbbqjck,2,3,1
sleca,1,2,1
ytpy,2,3,1
qmto,4,4,2
qmtv,1,2,1
qkzqavdg,2,3,1
qmwv,1,2,1
gemg,1,2,1
qmvx,8,7,2
ytum,2,3,1
gekp,1,2,1
eosm,3,4,1
dlhxzcjd,1,2,1
gene,4,4,2
qlidknjr,3,4,1
ifro,6,7,1
olde,1,2,1
hsanb,1,2,1
asdfa,1,2,1
vbvv,2,3,1
vbut,1,2,1
iftq,2,3,1
lkuya,1,2,1
vbvb,5,6,1
ceqw,1,2,1
vbyi,2,3,1
gerw,1,2,1
bwala,1,2,1
vbxb,2,3,1
wgjfztxj,1,2,1
gscqkoqz,11,12,1
tuysviwx,1,2,1
ceuz,2,3,1
vrzpb,11,11,2
qmnk,2,3,1
gdsx,1,2,1
cekv,1,2,1
sogubtyf,1,2,1
eybuhzlm,1,2,1
vblv,1,2,1
qnby,1,2,1
okkd,1,2,1
aluv,7,8,1
gdvm,1,2,1
alvl,1,2,1
oklz,2,3,1
igop,2,3,1
okefjxuc,1,2,1
okmt,2,3,1
xjexmmbv,6,4,3
ytbt,2,3,1
cepf,1,2,1
alscwpqx,29,26,2
qngc,1,2,1
qnfp,2,3,1
igqz,3,4,1
eiqvljnf,1,2,1
ytdq,3,4,1
gdzm,6,6,2
vbrq,7,7,2
igcy,11,7,3
qmxr,6,7,1
ytez,8,9,1
yikzmefx,3,4,1
oktt,6,5,2
vbfi,4,5,1
yeqwnhfz,1,2,1
zrhhdylc,2,3,1
uwqea,1,2,1
mqwtiyls,7,6,2
afzlb,1,2,1
vbjc,2,3,1
iryva,1,2,1
rnzw,1,2,1
hkyma,21,17,3
megb,1,2,1
aftexmxe,1,2,1
fdrj,6,7,1
tglf,4,5,1
ncazb,2,3,1
hhica,2,3,1
jznr,6,6,2
yrgw,2,3,1
jzuy,4,5,1
tgre,4,3,3
ibawb,5,4,3
rbzmcejn,1,2,1
mejq,2,3,1
aojn,3,2,3
vqet,4,5,1
gnnrcxvt,4,5,1
oaxda,18,18,2
mgxljcsx,1,2,1
vqlk,4,5,1
nzqtesog,1,2,1
vqkb,1,2,1
ftxj,2,3,1
vqkd,1,2,1
iaak,1,2,1
yyzxa,1,2,1
jzgq,1,2,1
memd,4,5,1
ruqjskif,9,9,2
xbcvmbqo,3,3,2
pcwz,1,2,1
tgje,3,3,2
xypha,2,3,1
shjwa,2,3,1
mesb,1,2,1
vqnw,9,9,2
anrwa,1,2,1
sveqyyjw,9,10,1
xdbjphhk,1,2,1
fdlt,12,11,2
ewjja,8,9,1
aote,3,4,1
mnlbuxfc,1,2,1
vqsf,3,4,1
dbik,1,2,1
xradwsch,4,5,1
gzehqujo,7,8,1
udrpa,3,3,2
vqpx,4,3,3
vqrm,1,2,1
dbku,96,33,17
fdbk,6,7,1
fhsoa,4,5,1
hkxxb,22,19,2
aoxm,1,2,1
jzdu,21,19,2
rnnn,2,3,1
aoxw,1,2,1
fddq,1,2,1
jzar,3,4,1
vquh,1,2,1
kqdmiwgb,2,2,2
oicla,2,3,1
fddx,3,4,1
yrwc,2,3,1
jzbx,1,2,1
meyf,4,4,2
rnlm,1,2,1
fdei,1,2,1
dbpn,2,3,1
rtzha,1,2,1
aokp,1,2,1
dbpx,20,14,3
fcvx,1,2,1
tftn,2,2,2
wnvhbfiu,1,2,1
anuqnfhh,3,4,1
aoml,4,5,1
ijnfb,1,2,1
chwuhylv,2,3,1
tfrv,2,3,1
aoni,1,2,1
bxazczpv,2,3,1
aooc,1,2,1
abwja,1,2,1
xcfzkzwk,21,22,1
dbvm,1,2,1
aopi,2,3,1
mfdw,5,5,2
yrom,1,2,1
mfce,8,5,2
tfvj,5,4,2
lkkpa,1,2,1
ancz,1,2,1
fvby,1,2,1
agmua,1,2,1
vrcl,1,2,1
feti,1,2,1
rmur,1,2,1
askea,2,3,1
agmva,1,2,1
jylr,1,2,1
rmxr,1,2,1
feqs,1,2,1
feqy,2,3,1
vrdm,1,2,1
jyqo,13,13,2
askbb,1,2,1
jyqh,1,2,1
fvgb,2,3,1
vrgt,47,42,5
mdev,4,5,1
vxyfa,13,12,2
fvfj,1,2,1
hhjda,6,5,2
anfc,2,2,2
vriy,2,3,1
jyrd,7,8,1
feud,1,2,1
fvhi,9,7,2
erkmlixl,8,9,1
jyei,1,2,1
aplxfqtq,38,34,2
jydw,3,4,1
kwqgwerl,2,3,1
apptbudy,3,4,1
gshiehls,91,72,4
rnbd,1,2,1
ibdn,1,2,1
vrlx,1,2,1
bystesiq,3,4,1
xipha,1,2,1
thji,2,3,1
rndf,1,2,1
ijtuadvh,1,2,1
mdqg,3,4,1
ysbo,3,4,1
femj,2,3,1
agmgb,1,2,1
aelca,1,2,1
mdrg,1,2,1
vrsl,1,2,1
fsytuzzd,1,2,1
vrse,18,4,15
kqzrvzgw,16,11,3
nlbpa,2,3,1
zqlva,2,3,1
vqxla,3,4,1
wzfwuqwd,1,2,1
vrux,5,5,2
pcqc,1,2,1
rmfk,2,3,1
anrf,2,3,1
vrvy,1,2,1
ysvc,1,2,1
anxb,2,3,1
dcnq,2,3,1
kskftozr,1,2,1
thcl,2,3,1
adbbztve,2,3,1
anvh,1,2,1
pfdkxvqd,1,2,1
bvjqjrkx,2,2,2
pcvt,2,2,2
fvzh,2,3,1
jycj,1,2,1
fdyu,5,6,1
anke,8,8,2
pcgk,1,2,1
rmmd,1,2,1
rfwpa,3,4,1
pcho,1,2,1
sfawa,2,2,2
tenukugq,1,2,1
algqa,1,2,1
xowva,1,2,1
qbida,13,14,1
skypxtvv,3,4,1
gahmywpf,70,57,4
uqpsahlc,3,4,1
rmpx,1,2,1
xpmiblht,6,7,1
ysoz,6,7,1
osdurmos,1,2,1
lefrslzd,1,2,1
dcyz,2,2,2
dcww,1,2,1
cmhra,1,2,1
dcwg,1,2,1
pcmj,1,2,1
vsct,1,2,1
pcmz,34,12,5
tgzx,1,2,1
fvqh,7,5,4
tnrza,7,8,1
annm,1,2,1
annp,4,5,1
vscv,1,2,1
pbcs,2,3,1
ffxr,9,7,4
tenl,6,4,3
jgzlsjeh,2,3,1
edvma,2,3,1
tmpcbrpo,1,2,1
rlzu,2,3,1
pbbw,3,4,1
ffwk,3,4,1
mgnr,2,3,1
mgmv,1,2,1
bpyja,1,2,1
ildwa,1,2,1
icah,2,3,1
mgmj,3,4,1
fwip,2,3,1
juydqgki,2,3,1
fmxra,1,2,1
teks,2,3,1
mwldrfkp,1,2,1
fwgz,11,10,2
rsoparmb,1,2,1
xflja,65,59,2
tekl,2,3,1
teij,1,2,1
aehuhmhx,3,4,1
ypai,1,2,1
tegw,7,7,2
fwei,7,4,5
antwa,1,2,1
mwdyrfpg,1,2,1
plfelirf,4,5,1
dqgca,3,4,1
ffty,4,5,1
fwcz,1,2,1
ffpf,2,3,1
mgvp,1,2,1
rmbj,2,3,1
ichw,1,2,1
voiz,3,3,2
mguk,1,2,1
ihasxqnf,78,40,3
brqra,111,40,3
ffrc,5,6,1
aqdx,3,4,1
yovu,1,2,1
bwwea,1,2,1
bmbbjdbv,1,2,1
cjuya,3,4,1
skhcscyy,3,4,1
icfk,1,2,1
zsova,2,3,1
mgqq,2,3,1
yoth,5,6,1
lluvbzkg,3,4,1
tjxjdxxi,1,2,1
iceg,1,2,1
pasx,9,10,1
ddfo,1,2,1
vodr,1,2,1
eijga,3,4,1
nwwda,3,4,1
iozwxlsq,2,3,1
dffwnbmn,93,11,21
jewoa,3,4,1
wawqgkhb,1,2,1
rlee,4,5,1
pbph,34,35,1
ddnb,6,6,2
vopm,4,4,2
ddms,4,5,1
mgxv,10,10,2
fwtw,15,10,5
rlbm,3,4,1
owsrpagm,1,2,1
ddns,1,2,1
vomm,6,7,1
pbmo,3,3,2
tdvy,1,2,1
tdvv,1,2,1
ffem,2,3,1
ddxz,2,3,1
ibxw,3,4,1
rlrk,1,2,1
ibyw,1,2,1
fwpe,4,5,1
tdqr,2,3,1
euwzaejl,3,4,1
brrca,2,3,1
fwqq,8,8,2
ibwr,1,2,1
kgjhb,2,3,1
aqog,1,2,1
mbdmxmin,2,3,1
zwtvb,5,5,2
zyctqgtu,24,22,3
fezu,26,6,16
pfiva,5,6,1
miygwune,1,2,1
bilwa,8,9,1
sbolrkno,5,4,2
putrenne,1,2,1
ypff,20,15,3
byyiqwxe,40,28,3
yper,1,2,1
aplr,25,26,1
vpbj,3,4,1
mfmp,1,2,1
apjn,2,3,1
rkxz,1,2,1
lupfqesx,3,4,1
lhmvywev,5,6,1
yqgg,1,2,1
tfje,3,3,2
aphq,5,6,1
rkrc,1,2,1
mfgm,1,2,1
mfgg,3,4,1
rkrs,1,2,1
uodionds,1,2,1
lvzjfxsv,15,15,2
apgq,1,2,1
fxfj,3,3,2
wjjha,4,2,4
vkgxkiis,18,18,2
nyqea,2,3,1
fgvj,1,2,1
ufooicqd,1,2,1
aenba,1,2,1
zokfa,4,5,1
tffh,1,2,1
cbnewauy,4,5,1
idiw,2,3,1
vpko,1,2,1
apbw,2,3,1
audgdukc,13,10,2
dyxoa,4,5,1
dejy,1,2,1
ncbua,1,2,1
gcfla,2,3,1
rkyu,1,2,1
rkyk,3,4,1
svqpzvhw,1,2,1
fgmu,25,17,7
mfpy,1,2,1
deff,1,2,1
ypyf,1,2,1
icph,4,4,2
yqum,2,3,1
mfzo,1,2,1
ywqfa,1,2,1
rkbelwel,1,2,1
sdxxyypq,1,2,1
fgkj,7,7,2
fgko,1,2,1
dese,8,5,4
yqwf,6,7,1
ijkba,1,2,1
paqt,1,2,1
apym,9,10,1
parj,2,3,1
ebekubrd,1,2,1
rrwna,3,4,1
icsd,26,17,3
pars,3,4,1
pqsya,1,2,1
deqn,1,2,1
eikga,1,2,1
auswa,1,2,1
apyf,2,3,1
mfwe,1,2,1
apxx,4,4,2
mfwl,2,3,1
kbxra,5,6,1
ozmvwggp,4,5,1
mfxw,3,3,2
uphka,2,3,1
yqst,1,2,1
vpqj,1,2,1
fgep,2,3,1
fxys,8,9,1
deoz,4,4,2
fxyq,37,27,2
apvu,1,2,1
panx,1,2,1
yqmm,1,2,1
pagk,1,2,1
fgbr,3,3,2
icxq,1,2,1
wllla,1,2,1
teuc,2,3,1
uzjmkkku,2,3,1
cpnzelww,1,2,1
apqo,4,4,2
teuk,1,2,1
hmfrakii,1,2,1
rrwva,1,2,1
deyw,1,2,1
icts,1,2,1
fxog,5,6,1
tepw,1,2,1
jzwg,70,69,2
paeg,9,9,2
lssswezx,3,3,2
paep,1,2,1
apml,1,2,1
icvu,6,7,1
ivyfa,1,2,1
yorja,1,2,1
rkln,1,2,1
brsvhpmc,38,37,2
mgbp,1,2,1
apnr,1,2,1
vpzf,1,2,1
fhnm,3,3,2
maeu,1,2,1
asdm,1,2,1
asdg,2,3,1
fzzmbluw,1,2,1
ftbnc,3,4,1
nksihxns,1,2,1
alnvugic,1,2,1
phay,5,6,1
tkqf,1,2,1
xqvyzook,1,2,1
phgr,8,9,1
fhth,2,3,1
tkrs,1,2,1
vmem,2,3,1
tkov,6,6,2
vpora,4,5,1
asjk,1,2,1
tzridlbn,1,2,1
tkus,2,3,1
phkk,1,2,1
phkq,7,8,1
vlyw,1,2,1
asjx,1,2,1
hztfnkrc,1,2,1
hztma,5,6,1
rjrq,1,2,1
ymzf,1,2,1
momfa,1,2,1
rjqz,3,4,1
tkst,1,2,1
tktq,1,2,1
wlgjxikc,1,2,1
zecfa,1,2,1
fynv,2,2,2
rxarxdcv,1,2,1
macm,1,2,1
cbmijsmz,8,9,1
vdnnwygt,5,6,1
asrh,1,2,1
zophb,2,3,1
phmu,1,2,1
asub,1,2,1
astl,14,6,5
tjzm,1,2,1
asup,2,3,1
vmqu,1,2,1
fhco,2,3,1
anvla,1,2,1
fhbz,1,2,1
wniqycsq,2,2,2
wpwca,1,2,1
cywsa,1,2,1
vmvg,1,2,1
aszo,2,3,1
enygvbih,4,5,1
mayt,10,7,2
phux,3,2,3
fhde,7,7,2
fhgl,4,3,3
zutydymh,2,3,1
dyfhqhul,1,2,1
ndzsnzxb,1,2,1
vmlo,1,2,1
rjar,1,2,1
ynlf,1,2,1
knixa,1,2,1
chmnb,1,2,1
iljwa,1,2,1
ehleleje,1,2,1
wvaokldy,1,2,1
phzz,1,2,1
adqvhqwu,6,7,1
jrfndqzt,4,5,1
fhje,2,2,2
gakea,1,2,1
klhsa,2,3,1
ynju,1,2,1
vtyzfkkz,1,2,1
tkby,1,2,1
agsja,4,3,2
fzab,3,4,1
aaczyknp,2,3,1
ynqo,46,14,7
vewka,23,7,13
ymjsa,4,5,1
jephynjm,3,3,2
atby,1,2,1
fzbj,6,6,2
dqaob,1,2,1
jrcpckjc,1,2,1
fzck,2,3,1
sspna,1,2,1
gvwja,7,4,5
fzbp,1,2,1
vndy,3,4,1
pweqa,7,7,2
tlok,1,2,1
pgai,3,4,1
hzjgvfxu,2,2,2
arbp,1,2,1
fiwk,1,2,1
fiwg,3,4,1
argd,1,2,1
qjqfa,1,2,1
numwa,1,2,1
ncwbhjnj,3,4,1
epcva,1,2,1
pgcw,1,2,1
pgcv,1,2,1
arhg,2,3,1
fixp,2,3,1
ynvt,4,5,1
fzgb,6,6,2
tlsi,1,2,1
areb,1,2,1
pgeh,2,3,1
ytksb,1,2,1
kmkyhejb,31,26,3
arjy,3,4,1
tlun,4,5,1
wjhea,9,4,6
tlvp,8,8,2
tlvt,1,2,1
pght,1,2,1
pgjn,20,14,3
ripx,1,2,1
nrjua,13,12,2
hhnqa,12,11,2
twkbyebq,2,3,1
fzmz,2,3,1
ugyjqnzu,6,6,2
pgkt,8,8,2
fzpy,1,2,1
rrtya,5,4,3
bgxqxdvs,5,5,2
vntj,2,3,1
artc,2,3,1
fzsn,1,2,1
pcwsb,1,2,1
ffdva,2,3,1
ifixa,1,2,1
fibs,8,6,3
pgoj,1,2,1
arsh,6,7,1
fzrf,2,3,1
ghueylnz,1,2,1
arrl,1,2,1
vnui,6,5,2
alcha,2,3,1
teosb,1,2,1
fzti,1,2,1
mieib,1,2,1
pncvthcj,1,2,1
fihc,2,3,1
vnwg,19,16,3
dslka,1,2,1
vnwr,9,10,1
iqgltgyb,1,2,1
xrsza,1,2,1
pgss,2,2,2
smbgjrxx,1,2,1
wpxea,2,3,1
tlby,1,2,1
jnzsrthu,1,2,1
fiko,1,2,1
zbkjvqjp,3,4,1
tbzpa,1,2,1
tlhg,1,2,1
pgzn,4,5,1
mtcea,1,2,1
fihj,1,2,1
fihi,1,2,1
aryp,2,3,1
fihe,5,6,1
drtbopen,1,2,1
arzf,7,7,2
tljq,2,3,1
hxzua,1,2,1
teyifjlz,1,2,1
biena,1,2,1
vnor,1,2,1
lpncaabb,1,2,1
bzbmdivo,1,2,1
yfmhb,1,2,1
ridd,2,3,1
vexla,2,3,1
vnrh,4,4,2
anwea,36,21,3
ribt,1,2,1
fimi,2,3,1
gvxka,6,7,1
rhyi,4,5,1
mcnq,13,9,3
pfdd,1,2,1
vkdf,1,2,1
sqxva,2,3,1
zlbufcyx,1,2,1
vkbg,5,6,1
sbpjnery,1,2,1
jmkpzthu,1,2,1
ykpi,1,2,1
tiig,1,2,1
uclxohtr,1,2,1
ykoy,3,3,2
yknc,4,5,1
agtya,3,4,1
rhsw,2,3,1
ykms,1,2,1
incxzwtx,35,34,2
wmjflodd,3,3,2
tiuo,5,4,2
cwmdqjuw,23,21,2
tiuh,1,2,1
ivusa,3,4,1
bmjezsvg,1,2,1
kbas,2,3,1
mcgp,1,2,1
autg,2,3,1
mcfv,2,3,1
vjwo,2,3,1
bbdxa,1,2,1
yfawaell,2,3,1
tisz,3,3,2
auvw,1,2,1
ifhja,1,2,1
vjxt,1,2,1
rjmda,1,2,1
glwfb,1,2,1
auos,1,2,1
dejofmvb,6,4,3
utfzargj,1,2,1
sxusa,1,2,1
vjsr,1,2,1
ykto,1,2,1
tipt,2,3,1
jvlpnykl,2,3,1
kain,1,2,1
hnbra,8,8,2
rlwoa,1,2,1
xbkza,3,3,2
dbarlscj,1,2,1
rhge,3,4,1
kafj,27,24,3
rhfl,1,2,1
jwhhgish,3,4,1
auwz,1,2,1
kqbioori,1,2,1
aunfa,47,8,15
hzvka,2,3,1
azvka,1,2,1
tifp,1,2,1
vkku,7,4,5
gtooa,6,7,1
yflrzjzc,1,2,1
yliz,3,4,1
tidc,1,2,1
xxhbzfzh,4,5,1
avgz,3,3,2
movkizbj,1,2,1
hayetymj,125,23,25
hbjsb,1,2,1
mcrl,14,3,10
vkep,1,2,1
gmfkdrdv,3,3,2
auromcep,1,2,1
pfvq,4,5,1
kajp,2,2,2
rgys,4,5,1
hxzbcwri,1,2,1
ylgj,3,4,1
dadg,3,4,1
vlce,1,2,1
rgug,1,2,1
vldb,1,2,1
qvhypqmn,1,2,1
fkxu,1,2,1
tjpo,2,2,2
mbly,1,2,1
plpjdsqf,1,2,1
suieeqpw,1,2,1
nuowa,1,2,1
unbca,1,2,1
atgt,3,4,1
dabc,1,2,1
fkxj,1,2,1
nexglztz,1,2,1
tjkl,2,3,1
korvwcnp,6,7,1
rgtu,13,12,2
mbht,1,2,1
fkuu,6,6,2
veuza,4,5,1
fkuw,2,3,1
hewka,1,2,1
rgtm,3,4,1
unbfb,3,4,1
fkvf,2,3,1
vkze,3,2,3
mbch,2,3,1
mbcv,1,2,1
rgpe,9,6,2
xbmda,2,3,1
atrj,2,3,1
iepcczpl,1,2,1
ghsyd,2,3,1
ertqzyfl,1,2,1
rgjp,1,2,1
ylvt,3,3,2
rgjs,1,2,1
nlcokrjm,1,2,1
ozbjuhcb,2,3,1
duuvjrkt,4,5,1
atmi,1,2,1
yefddcpm,1,2,1
vkxc,1,2,1
ymdm,1,2,1
rgew,5,6,1
mbzn,1,2,1
yrcna,18,14,2
mepha,1,2,1
perd,2,3,1
wlpqb,2,2,2
atzb,1,2,1
xniertjj,16,16,2
stflzejf,10,10,2
vlof,2,3,1
tiwc,1,2,1
ymbg,1,2,1
wbhlppcm,2,3,1
fkdn,4,4,2
aufm,1,2,1
tmrbtmfb,1,2,1
ofzyknxx,1,2,1
ksmjykck,6,7,1
tjef,2,3,1
udfmuwko,1,2,1
fkry,5,6,1
cabdkyyy,2,3,1
zqjpa,7,8,1
daxnxazi,1,2,1
fkqq,2,3,1
znqnrgft,7,7,2
fczhcjye,1,2,1
gvzfa,1,2,1
vlmb,1,2,1
tgnwa,2,3,1
vlmv,1,2,1
rqnma,4,5,1
petq,28,16,4
zafsiyuw,1,2,1
qhyoa,1,2,1
daht,1,2,1
tjdj,1,2,1
yorzwofw,1,2,1
mbqg,2,3,1
tjby,12,8,6
peuj,1,2,1
ymkr,1,2,1
aednzsyv,3,4,1
shewwinh,4,5,1
cbvha,1,2,1
mnfe,2,3,1
hfhqa,5,6,1
ezpz,1,2,1
ezly,6,7,1
iclngxfi,9,10,1
axev,1,2,1
axfl,5,5,2
tomz,10,11,1
hembidgy,1,2,1
axkc,3,4,1
mnis,1,2,1
kcre,1,2,1
axkn,4,2,4
hvyu,2,3,1
kcrz,1,2,1
penohrpi,1,2,1
vzgf,2,3,1
yuvovztn,2,3,1
toqu,3,4,1
gagca,1,2,1
mnky,1,2,1
tqxywlrb,3,2,3
awyoaacc,2,3,1
vzhe,3,4,1
yjhf,2,3,1
yhseb,1,2,1
kcfh,3,4,1
uzgba,1,2,1
bndib,1,2,1
cybl,3,3,2
yizd,9,10,1
vzkb,22,5,8
todb,2,3,1
xgkdgurb,7,5,3
eqnujhtx,4,5,1
ezej,5,5,2
rlnlhrtn,6,6,2
lebva,1,2,1
nxzpxvsm,2,3,1
qptvogwq,1,2,1
tgqjzhnh,7,8,1
axbq,2,3,1
axdb,30,5,25
ezlh,11,8,2
mnrt,1,2,1
nelma,2,3,1
axcx,1,2,1
kcjz,3,4,1
axct,3,4,1
vzpv,1,2,1
mnsy,16,15,3
tuxya,2,3,1
datefiig,2,3,1
anisa,1,2,1
rfhk,1,2,1
ozpm,11,4,5
fzqcstcn,1,2,1
awun,1,2,1
mmsz,2,3,1
ozol,1,2,1
chzwa,1,2,1
lkcfa,1,2,1
ixqvowiv,6,6,2
ozru,1,2,1
ghzuadqo,2,3,1
ldgygnrm,7,5,2
vyrt,11,11,2
awsv,1,2,1
rfhw,25,24,2
flsx,2,3,1
okmpa,2,3,1
ohzkb,9,4,6
rflf,3,3,2
rlzoa,8,7,2
cxlz,4,5,1
pvlsiyny,1,2,1
hwjx,1,2,1
jrabxlvo,1,2,1
ulnea,13,12,2
vytr,6,6,2
hwmh,1,2,1
obpuelbh,1,2,1
cxlu,2,3,1
ozvk,1,2,1
hwmy,1,2,1
awxz,7,8,1
flvg,2,3,1
rfmp,1,2,1
fltq,6,6,2
kdev,2,3,1
gxtma,1,2,1
mmzl,1,2,1
qukla,4,5,1
hwlp,2,3,1
awnu,1,2,1
aaihptlx,1,2,1
hwob,1,2,1
cxrf,1,2,1
vyzt,1,2,1
raiklnzg,18,16,2
awmo,2,2,2
awmq,5,6,1
ozgg,1,2,1
kcvs,6,7,1
jupzawzw,2,3,1
awlx,4,5,1
kcvb,3,3,2
xduka,3,3,2
flhr,1,2,1
hwps,2,3,1
ymxga,2,3,1
mnbr,1,2,1
ijpsfhht,1,2,1
awrh,3,4,1
hffddspy,1,2,1
bbkqa,1,2,1
tozq,3,4,1
toyi,2,2,2
fllq,1,2,1
mmeq,1,2,1
nncra,5,6,1
tppm,12,10,2
mmft,1,2,1
hwyo,4,3,3
evtpnfmp,2,3,1
nwsqaslj,1,2,1
vueejwgr,15,13,2
ijsqecxn,1,2,1
awec,1,2,1
idkra,2,3,1
aweg,3,4,1
ykdm,4,5,1
aweo,1,2,1
tpnh,5,6,1
awew,1,2,1
fnhf,10,10,2
ykkp,2,3,1
awgd,4,3,2
berxavwm,4,4,2
tpth,5,6,1
tptk,3,3,2
qqdrgniy,10,10,2
rdzq,1,2,1
awhb,1,2,1
rdzi,1,2,1
mmgx,1,2,1
awic,1,2,1
ijdva,6,7,1
awjb,1,2,1
mmhq,1,2,1
mmhj,1,2,1
awiz,4,5,1
mmne,1,2,1
hxbq,3,4,1
xwspnhkq,1,2,1
sexea,1,2,1
oyym,2,3,1
ahqemsbz,5,5,2
hmkswzui,2,3,1
fmxr,37,36,2
fmzj,4,5,1
dchdrvhy,33,32,2
czes,1,2,1
czet,1,2,1
ghdrb,2,3,1
hxfj,1,2,1
ykcl,3,4,1
czgr,11,9,2
fnaf,1,2,1
oyyw,8,8,2
gmchbwek,4,5,1
czij,1,2,1
kbgs,2,3,1
mmqe,38,39,1
hxdz,1,2,1
awat,3,2,3
anffpsen,3,4,1
tebpa,1,2,1
rehn,1,2,1
avrq,1,2,1
olaoetut,2,3,1
nixsfjep,1,2,1
hxkm,14,13,2
wmbyletz,8,9,1
mlsy,3,4,1
mlrx,1,2,1
eksha,4,5,1
hqorrgze,1,2,1
fmpv,3,4,1
avss,2,3,1
avvj,4,5,1
vzzl,2,2,2
mmtwa,12,13,1
bblja,1,2,1
avug,10,11,1
jzcroxmt,8,8,2
avxq,1,2,1
rejh,1,2,1
kihpbjrw,1,2,1
mlwu,1,2,1
qptzb,1,2,1
oyrs,18,15,4
jhlbgwhi,1,2,1
fmtr,1,2,1
vzwp,5,5,2
avwi,1,2,1
tgtfzuav,8,7,2
qnczrsli,1,2,1
ohyka,1,2,1
gwfkfbjn,1,2,1
fmks,37,13,5
kbwi,12,11,2
iptcklyy,3,3,2
azkueztq,15,14,2
fteva,2,3,1
vctqzygd,1,2,1
urhva,9,9,2
kbvn,7,6,2
twzba,2,3,1
kbup,7,5,3
rcplsxes,6,6,2
cytb,1,2,1
aecwa,1,2,1
xfjlakkc,2,3,1
kbtk,1,2,1
fmoi,1,2,1
hxwg,11,12,1
resl,2,3,1
cyuo,5,5,2
avmk,6,4,2
hxuu,2,3,1
avps,1,2,1
rere,2,3,1
avok,6,4,3
hxtm,1,2,1
yjox,2,3,1
fohy,3,4,1
wulha,2,3,1
nukjvfib,4,4,2
kewf,1,2,1
ywiya,1,2,1
vxdl,1,2,1
jlikttpq,1,2,1
hldla,4,5,1
wrqmdyer,3,3,2
cwabxrvp,1,2,1
cluvhypn,1,2,1
quvztuct,1,2,1
keyj,1,2,1
paaec,2,3,1
paaea,5,6,1
jlubb,1,2,1
dmgvfcbq,1,2,1
dlzya,2,3,1
adgiipuw,1,2,1
hxzk,8,9,1
hxzt,2,3,1
awuka,1,2,1
rctu,29,29,2
keub,2,3,1
azge,3,4,1
lapcemxf,1,2,1
oxxx,2,3,1
ygnlohul,1,2,1
ijcka,1,2,1
tmfc,1,2,1
oxsl,3,4,1
frzusujv,1,2,1
oxtn,15,14,2
dvazcykr,2,3,1
uvbgxgjs,3,4,1
mpsz,1,2,1
tmax,2,3,1
oxwg,2,3,1
ygwh,3,3,2
hyej,1,2,1
rdgv,1,2,1
ivruadns,6,7,1
fnxj,1,2,1
czrl,1,2,1
xpawa,1,2,1
czqd,1,2,1
vwqk,1,2,1
ygrm,3,4,1
cwkba,1,2,1
czpl,2,3,1
kfjt,1,2,1
tsqbgmsv,8,5,4
hyqh,2,3,1
vwti,4,5,1
bkwea,7,8,1
vwrt,4,5,1
cgdevhmq,8,9,1
moxy,1,2,1
hykg,1,2,1
oysea,1,2,1
ygmh,1,2,1
urima,4,5,1
tmzt,1,2,1
aywz,3,4,1
fntl,4,5,1
rdpy,1,2,1
mpgc,2,3,1
vwyr,1,2,1
tngbpajd,1,2,1
czxn,3,4,1
sxyivtem,1,2,1
uckkpcps,10,11,1
czxc,2,2,2
aysb,2,2,2
mpgh,2,3,1
czwx,1,2,1
vwvr,1,2,1
hysj,4,5,1
ayrw,1,2,1
mdeuuhwk,3,4,1
tmpb,1,2,1
mpal,4,5,1
xkmna,11,11,2
oxfc,1,2,1
ucgcvcyj,1,2,1
kdvg,5,3,2
yahea,18,19,1
eoxha,1,2,1
anztnxlb,5,5,2
aylf,3,4,1
mugezijx,1,2,1
oxbo,10,7,2
avmuxlow,2,3,1
tnmr,2,2,2
kduz,1,2,1
kduh,1,2,1
uquiernf,12,12,2
kduc,1,2,1
ftpgylpt,3,4,1
zogrxatd,1,2,1
fphe,3,4,1
plkghrjj,2,3,1
tnlk,21,13,5
fpim,2,3,1
moji,65,31,25
vyct,1,2,1
fpfz,3,4,1
kdpo,5,6,1
fpfq,1,2,1
hzkc,2,3,1
sppgkuqo,3,4,1
owvb,1,2,1
apwra,8,6,2
owuv,1,2,1
hzhz,2,2,2
dlyra,2,3,1
kdlx,2,3,1
yhzt,2,3,1
fpcr,2,3,1
kdmd,2,2,2
rbze,5,6,1
bxyndmcw,1,2,1
egkla,105,91,2
fpgepxom,1,2,1
kdjz,1,2,1
mosh,1,2,1
hzgg,2,3,1
yhxp,3,4,1
moor,2,3,1
rjyxa,1,2,1
tnar,2,3,1
hzen,4,5,1
aybi,2,3,1
kqcxa,1,2,1
rchc,11,12,1
yhts,5,6,1
hzrd,4,5,1
axym,1,2,1
axyc,4,4,2
hzrk,3,4,1
yhve,1,2,1
hzqw,2,3,1
yhrp,1,2,1
keeu,2,3,1
yhsu,2,3,1
keee,7,7,2
owlu,4,5,1
fowy,13,12,2
yedwnaan,1,2,1
hznj,1,2,1
vxqm,1,2,1
fovn,3,4,1
axxy,5,4,2
qjsibenx,1,2,1
axxc,3,2,3
yhny,1,2,1
kebl,9,4,5
ajgya,4,4,2
soriehxs,1,2,1
owid,1,2,1
tnxk,2,3,1
axpy,1,2,1
hzyn,2,3,1
qfjsa,4,4,2
yhjf,5,5,2
nuflargk,2,3,1
fopu,2,3,1
fopr,1,2,1
owej,2,3,1
rclk,1,2,1
hzxd,1,2,1
ipcea,1,2,1
owcn,10,11,1
uljsa,2,3,1
lzgyb,3,4,1
oodmmtel,1,2,1
yhfp,1,2,1
awufa,3,4,1
axpr,1,2,1
hvsrmwuq,1,2,1
bybzlcxm,1,2,1
hrvg,74,26,6
fqae,1,2,1
rizvatwt,7,6,2
yeqz,3,3,2
jjdfa,2,3,1
vvej,6,5,2
mjif,1,2,1
fqcr,1,2,1
mkonb,3,3,2
xybya,1,2,1
rawj,1,2,1
rawi,1,2,1
vvdv,4,3,2
zknvvong,5,6,1
fqey,5,6,1
svgqafvw,2,3,1
tspf,2,3,1
ulica,3,3,2
yeuo,1,2,1
cruegkft,2,3,1
avezxabp,1,2,1
tsro,2,2,2
fqfk,1,2,1
gjayrsbv,6,6,2
hrzr,2,3,1
glrvmgmn,1,2,1
muzya,2,3,1
hrmw,1,2,1
xiega,3,4,1
ebrra,2,3,1
cqzwoxdw,12,10,2
kgyu,1,2,1
rnvla,1,2,1
tsvb,1,2,1
kgyo,1,2,1
hbdfb,3,3,2
hrnm,1,2,1
tsxw,1,2,1
lmivb,1,2,1
hrqk,1,2,1
rark,3,4,1
mjae,1,2,1
rnvid,2,3,1
mjaf,3,4,1
utysymyj,1,2,1
tszh,1,2,1
vvag,143,12,20
mckga,2,3,1
jvqlxrzs,3,4,1
mivr,1,2,1
vusc,1,2,1
hsir,1,2,1
xawtqwlx,2,3,1
zgdcaked,3,3,2
vuud,3,4,1
khdc,7,8,1
trxnxuty,31,29,2
xznlggkh,1,2,1
wlhsa,1,2,1
vuup,1,2,1
mixi,9,5,3
ttay,19,12,3
fpsv,2,3,1
ajkdb,4,5,1
erysb,1,2,1
gvmua,1,2,1
pheea,1,2,1
ttbc,1,2,1
hslq,12,9,3
cmyykqvw,4,4,2
khgc,3,4,1
vuhz,3,4,1
mikt,3,4,1
milr,3,4,1
yehf,1,2,1
mimz,1,2,1
ytbda,3,4,1
huehiyah,10,10,2
fpzd,6,7,1
vumj,1,2,1
fpzv,1,2,1
vumd,1,2,1
hsbu,1,2,1
vult,2,3,1
ttis,8,6,3
ruygafoz,2,3,1
ctbx,1,2,1
vunp,1,2,1
khnm,1,2,1
ctdb,1,2,1
semhtksj,8,9,1
fltfhiri,1,2,1
vwgm,1,2,1
fsjxjzqx,1,2,1
frdu,19,18,2
kfmy,12,11,2
npqga,6,6,2
zmopa,1,2,1
ijwuaokt,37,11,7
midz,24,25,1
vwei,2,3,1
ttnh,2,3,1
neooa,1,2,1
ttlu,1,2,1
rjsfa,2,3,1
mevtb,4,5,1
miix,3,4,1
cvbd,2,3,1
apqga,1,2,1
frfv,1,2,1
htkvzmsk,2,3,1
hsrd,1,2,1
vxfixyas,6,4,3
yfzw,12,10,4
frks,15,7,5
cxwjqvmo,93,77,3
ttue,1,2,1
mknxa,6,4,3
pexua,6,5,2
ygcs,2,3,1
vexrxpjs,33,28,2
vwbf,1,2,1
vwbn,45,25,12
froi,1,2,1
ttze,2,3,1
htygulwz,5,6,1
kfxh,2,3,1
ttxy,1,2,1
wnnib,4,4,2
htjz,1,2,1
vvty,1,2,1
htjn,1,2,1
extfapqr,7,7,2
vvvb,1,2,1
mhup,1,2,1
faax,3,4,1
azqz,1,2,1
azsi,2,3,1
eyrcweax,4,5,1
fadz,2,3,1
wisxbhzh,4,5,1
vvye,3,3,2
bcxbvyip,4,5,1
nvgeqtiq,1,2,1
ezcpa,1,2,1
yfhe,1,2,1
fafc,2,3,1
ralx,1,2,1
htlo,1,2,1
rain,4,4,2
tuck,2,3,1
qhnmb,1,2,1
htmh,44,7,21
vvmf,6,7,1
fzftvnvd,4,4,2
lkqvmehr,1,2,1
azyp,1,2,1
kghj,2,3,1
tmfcwebp,2,3,1
oytha,2,2,2
htcg,2,2,2
bgnpirfb,2,3,1
rjrqa,2,3,1
gzusa,5,6,1
jlqja,2,3,1
fakx,1,2,1
tugy,2,3,1
mhkl,1,2,1
racq,1,2,1
htfc,2,2,2
htfn,2,2,2
utoqb,1,2,1
gwwzawbp,1,2,1
mhqk,5,6,1
vvoh,3,3,2
htdk,3,4,1
htdq,4,5,1
vvnz,1,2,1
htdv,1,2,1
htec,1,2,1
kgkn,3,3,2
tukr,1,2,1
eecoa,2,3,1
vmpzwxyu,2,3,1
pavsa,2,3,1
faxs,1,2,1
ycqj,2,3,1
vtbg,1,2,1
tqnl,2,3,1
tqnd,8,4,5
kiyk,2,3,1
cwbh,10,5,5
pigpjmjz,6,6,2
kixe,22,17,2
mljk,2,3,1
tqhg,4,3,2
mlkc,10,11,1
tqgs,1,2,1
kiqw,6,7,1
mlio,2,3,1
fasn,3,4,1
ycmp,7,5,3
labyrgnt,2,3,1
opnblvih,2,2,2
tqhs,1,2,1
fbaw,1,2,1
cvzr,5,6,1
fsqr,1,2,1
whcnb,2,2,2
vszq,1,2,1
idfda,3,3,2
cvyt,2,2,2
yczc,2,3,1
fiozywld,1,2,1
nkzea,2,3,1
jlgsnxin,15,12,2
tqud,1,2,1
cvwt,1,2,1
htre,2,3,1
fovma,1,2,1
mlbi,15,15,2
mleb,1,2,1
bhlfnssn,5,6,1
vswb,1,2,1
wlfqa,1,2,1
frvj,1,2,1
xjjhbffe,1,2,1
kzlda,2,3,1
frww,6,7,1
frws,2,3,1
gjmza,4,4,2
cvrz,2,3,1
rvmqmdgx,2,3,1
cvof,1,2,1
lkfkbaxy,1,2,1
ypnyygjm,5,5,2
kjjg,3,2,3
ycbq,1,2,1
huqz,5,6,1
fbdh,6,7,1
vsmo,2,3,1
tqwr,1,2,1
fbdv,18,6,9
ysqxzsap,2,3,1
cvmm,1,2,1
wlmwkltw,22,13,6
anpvd,1,2,1
frsd,2,3,1
mkxj,1,2,1
fbei,1,2,1
kjdj,3,4,1
kjee,1,2,1
frtd,2,3,1
gjmyb,5,5,2
huln,1,2,1
tqyv,8,8,2
slusa,1,2,1
kjfr,2,3,1
fruv,1,2,1
humr,1,2,1
fbqp,1,2,1
trdf,1,2,1
livza,1,2,1
mksu,1,2,1
ghixnshp,2,3,1
cvjp,1,2,1
nkwfkown,1,2,1
ifzpgisn,2,2,2
fsbg,1,2,1
gufircsn,1,2,1
fbnt,3,3,2
fbns,1,2,1
fsco,1,2,1
algtgfzy,1,2,1
qgiolgps,4,4,2
hubl,3,4,1
vsdz,1,2,1
vsee,1,2,1
hubd,1,2,1
trao,1,2,1
kiyoeoll,3,3,2
mkpu,9,6,2
vsfj,2,3,1
kwmua,4,4,2
bgsdgwex,1,2,1
cvby,1,2,1
hwowcbhq,4,5,1
dklea,1,2,1
fqdvlqwl,2,3,1
khwf,1,2,1
cpqyackw,1,2,1
sszma,1,2,1
lunza,4,4,2
tzcoa,1,2,1
fbyb,1,2,1
fbyq,1,2,1
ydst,3,4,1
fwvtntbw,2,3,1
jsqba,2,3,1
trkr,1,2,1
trkj,3,4,1
mkik,1,2,1
vube,2,3,1
vuaz,12,5,8
vuav,2,3,1
eggec,1,2,1
ftfn,5,5,2
trwz,2,3,1
mkfx,9,10,1
lmftillb,1,2,1
ctsigkri,14,14,2
eedxa,3,4,1
panekkry,1,2,1
usuiqgdi,1,2,1
lwhzrsvk,3,3,2
trwr,1,2,1
bmxsdgdr,8,8,2
lwywa,2,3,1
ftsr,1,2,1
ftrx,2,3,1
huvl,3,3,2
wdyssoth,3,4,1
ydyb,1,2,1
aaoweirj,4,5,1
khzx,3,4,1
ftpl,2,3,1
hutt,2,3,1
jqcybimd,2,3,1
ydvr,1,2,1
oyuya,4,4,2
trrj,1,2,1
ekyea,1,2,1
vtwo,6,3,5
khxd,2,3,1
cwqb,1,2,1
vttv,2,3,1
ujdja,1,2,1
oyvya,2,2,2
waxsdwvy,1,2,1
ydcn,4,5,1
uagshylg,2,3,1
cwsf,3,4,1
vtst,2,3,1
ydcf,4,5,1
gvpya,3,3,2
kifs,2,2,2
aeaoa,1,2,1
kich,1,2,1
fsvo,4,3,3
vtpz,5,6,1
puwvhqbe,5,5,2
wujieuvf,5,6,1
qemniqgc,6,6,2
cwnj,1,2,1
fsto,1,2,1
dfwca,1,2,1
tryz,1,2,1
anczylnr,2,2,2
vtnp,2,3,1
fsup,1,2,1
fcgj,11,10,2
kipg,3,3,2
mjtb,2,3,1
vtmi,2,2,2
fruergdw,1,2,1
cwjs,5,6,1
ygjshimh,2,3,1
eeorzcap,2,3,1
vtlh,1,2,1
uznja,2,3,1
awzcftns,1,2,1
mjoz,1,2,1
vhiwacxm,2,3,1
qhgbrtnr,4,4,2
vtiw,1,2,1
fcng,12,8,3
fcmy,2,3,1
uqzzfnue,1,2,1
xrcvdgak,3,4,1
ydhp,4,5,1
vtfp,8,8,2
mcnea,1,2,1
zixreztn,1,2,1
vtgv,1,2,1
mjom,2,3,1
morsb,1,2,1
cwgz,3,4,1
kijx,3,4,1
lpmu,10,11,1
uwudfsju,8,4,4
twcy,2,3,1
hmbh,1,2,1
sslskjyi,16,11,3
bqysvcbv,1,2,1
wbkq,2,3,1
twed,1,2,1
hmex,9,6,4
nopza,1,2,1
pejda,1,2,1
nztp,6,4,2
wbjd,1,2,1
wbjk,2,3,1
drht,2,2,2
ospoaeqs,8,8,2
pqxk,2,3,1
pqxe,2,3,1
vcwtqtwp,1,2,1
hmfc,1,2,1
bphv,2,3,1
pysbnguo,5,6,1
nzyq,4,5,1
rdjiykwe,3,4,1
pqzq,10,10,2
wbop,9,9,2
mzpmfzqo,1,2,1
cpatwbex,3,4,1
wbny,1,2,1
nzxt,4,4,2
kzuka,3,4,1
jxbw,1,2,1
twlc,4,5,1
pqzz,1,2,1
twjv,1,2,1
tqezfoer,3,4,1
glturmnr,1,2,1
drqt,1,2,1
twmr,10,5,4
zvbwdfql,1,2,1
wbcw,3,3,2
lpwy,6,6,2
nzlt,1,2,1
twlu,1,2,1
xzema,1,2,1
drpc,4,5,1
klqwa,5,3,4
vvygavrp,1,2,1
qpoga,3,4,1
nzoq,10,5,3
twnm,1,2,1
hmnr,1,2,1
hmnw,1,2,1
nznj,5,6,1
avsowuru,8,9,1
hmqz,1,2,1
twrn,3,4,1
wbgv,3,4,1
zllzotbe,1,2,1
ncoyraoe,1,2,1
wbxv,1,2,1
anueotkh,2,3,1
dqyx,1,2,1
pogybvaf,1,2,1
wbyv,1,2,1
albuziez,2,3,1
hmud,2,3,1
zyzja,9,6,3
tvty,1,2,1
priw,6,4,2
tetpmvyl,5,5,2
tvwd,4,3,2
bpwd,1,2,1
bpxh,1,2,1
hygja,2,3,1
ccxkqeym,2,3,1
tvyd,1,2,1
drau,2,3,1
wsmvongw,2,3,1
hgxqfmsc,11,8,3
gccrb,40,28,5
gzhkqwwj,1,2,1
wbpca,45,11,14
bppo,1,2,1
dniujbnr,2,2,2
prqv,1,2,1
aoxpygyx,1,2,1
lpin,1,2,1
ehyhb,1,2,1
gprya,1,2,1
dreu,1,2,1
ookha,1,2,1
jwjl,3,4,1
oalga,12,6,4
wahl,1,2,1
pmowa,1,2,1
dqfk,3,3,2
tvau,2,3,1
wage,1,2,1
qgfma,5,6,1
boeg,5,4,2
jwnw,3,3,2
jwlh,1,2,1
dqls,2,3,1
premc,7,5,4
aingb,1,2,1
waan,1,2,1
ghbiffbh,9,9,2
wllmurvh,1,2,1
barqa,1,2,1
bnzr,4,4,2
browzzgw,2,3,1
aaisa,11,12,1
blirvdkz,11,10,2
vegxa,15,13,2
axmxcgxn,1,2,1
jwdj,28,13,7
psbo,1,2,1
wabu,2,3,1
ihslb,2,3,1
hlsi,2,3,1
turj,1,2,1
lqar,2,3,1
borm,1,2,1
hlqf,9,7,2
nbreb,2,3,1
wawr,3,3,2
xrrbmrbp,2,2,2
obutyncj,1,2,1
psln,2,2,2
tuve,1,2,1
lqbk,7,7,2
goopb,1,2,1
eblsb,2,3,1
lqbz,2,3,1
sbmgb,1,2,1
hlur,2,3,1
bowr,8,9,1
bojp,1,2,1
lqfp,6,7,1
waof,1,2,1
tuxq,3,4,1
axuca,1,2,1
jkelqqog,12,11,2
kckzineo,3,4,1
bolw,2,3,1
sbytmgpz,2,2,2
wauu,3,4,1
urccsrem,2,3,1
psvc,27,25,2
bonx,4,4,2
mhpztygt,6,7,1
effgvltj,2,3,1
bnee,1,2,1
bneb,1,2,1
izjirjff,8,7,3
wdqz,1,2,1
jvjr,1,2,1
kdjra,1,2,1
nxrl,3,4,1
jhera,1,2,1
nilrjzhl,7,5,2
axolsujt,2,3,1
slwgwtwy,2,2,2
hkeb,1,2,1
cmeeifdr,1,2,1
jnojc,2,3,1
yaxv,1,2,1
swida,1,2,1
wdmz,4,3,3
jvgd,2,2,2
yayu,5,6,1
ixkwa,1,2,1
psws,5,6,1
qgcha,1,2,1
tbkhqhkx,1,2,1
tyhc,3,4,1
lnji,1,2,1
lnjm,2,3,1
ybfm,4,4,2
jvcs,2,3,1
pteh,2,3,1
nxji,2,2,2
rugtsvdh,2,3,1
wdhg,4,3,3
jvej,1,2,1
efrga,1,2,1
ptgr,5,6,1
lnxu,2,3,1
bmzc,5,6,1
evqtzlhd,1,2,1
nxgk,2,3,1
ybbx,15,12,3
tyow,1,2,1
rqkmrgkx,1,2,1
bmvn,12,11,2
wgfba,1,2,1
ybdw,28,4,25
jvab,1,2,1
xngza,1,2,1
ydcjabgn,2,3,1
ybev,2,3,1
lnrt,1,2,1
ybox,1,2,1
ybnr,2,3,1
hkkcsrfq,3,4,1
wech,2,3,1
bnrx,4,5,1
ybqy,1,2,1
pxgbwgwy,1,2,1
ybqg,3,2,3
hkuw,14,8,3
bavba,1,2,1
suela,2,3,1
txuo,1,2,1
wfwujpwu,12,13,1
grsea,2,3,1
haupa,1,2,1
hkqb,1,2,1
hkqf,3,2,3
ptkn,3,4,1
ifoirfif,1,2,1
txxf,1,2,1
rovfa,2,3,1
rffba,1,2,1
tybe,6,6,2
wdyn,1,2,1
yxdjjduh,3,4,1
bnju,14,11,2
jurz,1,2,1
jusr,5,6,1
bnkd,1,2,1
apvyeanf,17,14,3
iecjzyky,6,7,1
snfnjqxv,2,2,2
julk,6,4,3
julr,22,5,12
hvqnknvo,1,2,1
adeyctqb,2,3,1
hkyd,1,2,1
nxyj,1,2,1
nxye,1,2,1
wdwz,1,2,1
tyan,1,2,1
hkzc,1,2,1
bngf,3,4,1
tyab,1,2,1
jukr,3,4,1
bmag,1,2,1
txkm,2,3,1
ujjyyawz,1,2,1
jukg,1,2,1
nuklrbhz,8,8,2
loqt,4,5,1
vzftfots,3,4,1
kplca,1,2,1
yejymcfk,2,3,1
murfcrvk,2,3,1
juiq,6,4,4
toejc,2,3,1
nyuc,2,2,2
nyud,20,4,17
aagya,2,3,1
zvvgnurg,1,2,1
akwba,2,3,1
nyrr,1,2,1
twpmb,4,5,1
nyqo,1,2,1
hqfmobqx,1,2,1
jucg,1,2,1
yutuofns,1,2,1
jucv,9,9,2
lcnmysfd,3,3,2
loyc,3,4,1
vktqypxk,3,4,1
eirjrkii,3,4,1
vxcsa,1,2,1
wcex,3,3,2
hjgg,3,3,2
hjhe,4,5,1
losv,6,6,2
auglzdhl,3,3,2
zmjeujce,1,2,1
brlmzmku,9,6,4
lorq,1,2,1
jtzu,1,2,1
jtzq,8,7,2
upaxigwb,3,4,1
nyhq,1,2,1
losn,3,4,1
bxowa,1,2,1
hjse,1,2,1
yaoq,2,3,1
hjrp,2,3,1
uhqqb,1,2,1
puqh,5,4,2
xdejvort,5,6,1
axvwa,2,3,1
loap,1,2,1
mnqea,9,9,2
aglhrzcy,3,4,1
bmqk,16,14,2
ehuxa,4,4,2
jnoza,5,6,1
twzv,4,5,1
onijrhiv,1,2,1
tevclzun,2,3,1
nzfm,21,20,2
bmro,4,5,1
dnvy,1,2,1
nzgw,57,28,10
escma,13,14,1
jtwy,1,2,1
ohiuktbq,2,3,1
bmmy,2,3,1
yajh,1,2,1
bmml,3,3,2
hdfda,1,2,1
twvh,1,2,1
bmnv,2,3,1
wczo,2,2,2
hjlx,5,6,1
bmnm,1,2,1
gomha,12,13,1
yaht,1,2,1
qdsticvx,5,6,1
vlnra,1,2,1
jtpv,1,2,1
ihuda,1,2,1
loip,1,2,1
kmjnqxib,1,2,1
wczg,3,4,1
jtqy,1,2,1
jtnd,2,3,1
bmkz,7,5,3
diqca,2,3,1
zejcsvti,1,2,1
bmdd,1,2,1
bykmlkeu,2,3,1
lodi,1,2,1
jtlc,4,5,1
otcwa,1,2,1
bmdv,15,14,2
qkgma,54,52,2
jtlz,2,3,1
bmdk,7,8,1
wctm,2,3,1
loen,1,2,1
puvm,2,3,1
otduozro,3,4,1
hjum,1,2,1
aplhb,1,2,1
nyzg,1,2,1
rxjm,17,4,12
nrdhndao,12,12,2
hqrs,4,4,2
dxdifrak,2,3,1
bkso,1,2,1
nvcj,3,4,1
rxkx,2,3,1
rxme,11,12,1
bxixa,6,7,1
hqvc,1,2,1
xzwi,2,3,1
hquu,1,2,1
pvib,3,4,1
pvij,1,2,1
bkxg,1,2,1
xzyc,1,2,1
lucr,1,2,1
nvgh,1,2,1
hqyo,1,2,1
ludc,2,3,1
hqxs,2,3,1
drxca,2,3,1
lxeva,6,3,4
eikenrye,1,2,1
fimra,5,6,1
hqyv,1,2,1
bkzw,1,2,1
hqjf,2,3,1
dvrn,2,3,1
tyzra,6,5,2
jtbu,1,2,1
nvjs,21,6,14
rxrr,1,2,1
nvjt,4,3,2
rxsy,2,3,1
dvpr,57,32,14
rxtp,1,2,1
rxtq,1,2,1
ltwe,1,2,1
ahicpjfz,2,3,1
pbychgeq,27,26,2
rxvp,6,7,1
rxvy,6,7,1
mjzzqzut,2,3,1
cccvrlvq,6,3,4
dvws,1,2,1
pvav,1,2,1
rxxl,2,3,1
wghsa,6,7,1
xzqf,2,2,2
hqpi,4,4,2
xzsw,1,2,1
pvcq,2,3,1
xzsn,2,3,1
onzeolsl,2,2,2
dktga,9,5,3
aibiects,1,2,1
rlcemvic,12,12,2
vcjya,5,6,1
aagca,2,3,1
odqzahnl,1,2,1
akssa,1,2,1
pslka,1,2,1
blbe,1,2,1
dvow,8,7,2
tlcojkue,1,2,1
ltqn,1,2,1
zxefwovb,1,2,1
giiigltl,5,6,1
hrhq,4,5,1
pvyq,1,2,1
cjcwa,2,3,1
ovfra,9,10,1
dvls,5,6,1
sfxwa,1,2,1
pvzw,2,3,1
fvsjnter,1,2,1
lpzewvhv,7,7,2
qfawjhdy,2,3,1
pvmx,6,7,1
blmo,1,2,1
ltde,1,2,1
bllo,1,2,1
jsqb,7,8,1
xzila,1,2,1
blkx,5,6,1
qjzvjlbq,1,2,1
blkq,2,3,1
jstj,1,2,1
ltgt,1,2,1
cxujrnfc,1,2,1
aksja,36,8,16
rxdq,1,2,1
bljz,2,3,1
glmwlhpc,4,4,2
uqxca,1,2,1
jsvl,3,4,1
jevcroeg,2,3,1
lthw,1,2,1
jswu,7,7,2
aeznb,26,22,2
rxjc,6,5,2
jxtna,9,7,3
dvep,1,2,1
vennhvnt,3,3,2
tgboa,1,2,1
jsvo,10,8,2
qynyuqqu,1,2,1
hpsd,2,3,1
nwfo,2,3,1
xyuz,5,5,2
atmmdilb,1,2,1
pwin,1,2,1
tztj,11,12,1
bjog,32,7,7
nwcz,1,2,1
wzoffple,4,4,2
pwgr,1,2,1
ryry,3,4,1
xyzf,1,2,1
lvfq,3,4,1
hpwh,14,10,4
airjb,1,2,1
rysp,1,2,1
bvgka,1,2,1
pwjj,1,2,1
ivezvhju,6,7,1
hpup,1,2,1
pwlc,1,2,1
hpjg,6,6,2
txbqennr,4,5,1
blqgnskx,13,9,3
xymh,1,2,1
rywq,1,2,1
dnyqgynw,1,2,1
bjxb,2,3,1
pwab,1,2,1
xylk,1,2,1
luvr,4,3,2
luvo,1,2,1
hphe,30,25,4
xpnsa,1,2,1
jsat,1,2,1
airzb,1,2,1
ryuz,1,2,1
xyji,1,2,1
xypu,1,2,1
hplf,22,18,2
duti,1,2,1
ylpwlmvo,10,9,2
vkkxykgk,1,2,1
tzmv,1,2,1
xzfn,1,2,1
tzco,3,3,2
pwxr,1,2,1
luqg,3,4,1
xzgj,2,3,1
tzbz,1,2,1
xzhb,2,3,1
nbnfb,3,4,1
zblla,4,5,1
epzoa,1,2,1
duhf,2,3,1
hqbd,12,8,3
xzet,1,2,1
luvg,4,5,1
rycc,1,2,1
ptzlzfsh,2,3,1
wzowa,1,2,1
jrmp,3,3,2
tzgz,4,3,2
jrly,6,5,2
mqcwqfwm,1,2,1
ryaz,1,2,1
jjxwdyjy,1,2,1
tzfz,1,2,1
wdnrltqs,1,2,1
dulq,1,2,1
qcxikgth,1,2,1
tzdg,1,2,1
jrjb,6,7,1
xzjf,3,4,1
rygc,3,4,1
cempb,1,2,1
pwpq,3,4,1
bkkq,2,3,1
fsasxwde,22,16,3
hpzl,1,2,1
ovgfa,1,2,1
lumq,28,7,7
xzbv,2,3,1
rykx,1,2,1
miwpb,1,2,1
fomza,2,3,1
xzbg,15,14,2
marnjljo,1,2,1
pwty,2,2,2
pwts,5,6,1
ryix,1,2,1
atyjbykf,30,21,4
lujh,13,6,3
xzag,1,2,1
bkoe,1,2,1
rldnhnwk,3,2,3
xcfwdbjc,6,5,2
zlyvssot,1,2,1
tktyztqf,57,52,2
nmvna,1,2,1
rzuq,2,3,1
lryo,10,11,1
jquj,2,3,1
rzqc,1,2,1
lrzu,17,7,8
lrzx,2,3,1
sdvua,6,6,2
bxkrddsb,1,2,1
jqwn,1,2,1
otfma,1,2,1
hoqn,1,2,1
zxwzfqsq,1,2,1
pxko,5,6,1
jrbo,5,5,2
zvunooqz,1,2,1
mczvuxqq,4,4,2
pxen,1,2,1
jrdy,18,17,2
biyp,1,2,1
rzwh,2,3,1
pxag,10,5,5
omiywpeu,5,6,1
czxea,14,14,2
vabna,1,2,1
umhknsst,1,2,1
jraw,1,2,1
ffvha,3,4,1
lrsn,1,2,1
lrsq,2,3,1
bjek,17,13,3
bjex,49,44,3
xcqmnsxl,3,4,1
ntrv,6,7,1
xlhpa,19,14,3
jqkl,1,2,1
lrpb,7,5,2
cgxra,2,3,1
hpfk,9,5,3
jqjm,9,9,2
hpfn,1,2,1
rzdi,2,3,1
hpfs,1,2,1
lrob,5,5,2
bjbj,1,2,1
ayxvodiw,1,2,1
jqej,3,4,1
bjak,1,2,1
davjhlps,2,3,1
cmngpnbf,1,2,1
grwjb,7,7,2
bjld,16,13,2
bjkz,2,3,1
wlaua,4,5,1
cenua,2,3,1
yopeycyz,9,6,2
mqyzvnpg,2,2,2
bjjh,1,2,1
lrfl,1,2,1
akqja,1,2,1
pxpq,2,3,1
yevea,1,2,1
etjrtzat,4,5,1
lfeoakhw,2,3,1
lrizrrbg,3,4,1
tdadwnqr,1,2,1
dszv,3,3,2
dszs,6,3,5
pypw,3,3,2
jpyh,5,5,2
qgeuidbm,1,2,1
eqokucjr,3,4,1
bhpc,1,2,1
hntl,2,3,1
dsxd,1,2,1
jpvp,5,5,2
hwhca,2,3,1
dsxw,3,2,3
fmaea,1,2,1
dsyp,3,4,1
jpwr,4,5,1
hnof,21,19,2
dssv,1,2,1
pwkeccao,1,2,1
nucv,1,2,1
vgdebhcx,3,4,1
qrvzefks,1,2,1
dstj,1,2,1
dgrna,1,2,1
bwbqbayc,1,2,1
hnmg,2,3,1
yuimssxz,1,2,1
lsyq,1,2,1
dsnx,1,2,1
lszk,3,2,3
dsoh,2,3,1
hnko,8,9,1
nuly,1,2,1
wthqrbas,5,6,1
bhzd,1,2,1
numk,1,2,1
iexfa,3,3,2
pydx,1,2,1
ufkoa,5,6,1
dskp,1,2,1
dslw,7,5,3
czatuxrq,2,2,2
hndm,6,7,1
dsmh,2,3,1
dsml,3,3,2
hvxeacry,1,2,1
tevhtoat,3,4,1
pzcn,5,4,3
gbggbcxv,6,6,2
nuvw,5,6,1
lsqf,1,2,1
jphw,1,2,1
jpgm,1,2,1
ivfna,8,8,2
dsiu,5,4,3
oslbdjys,2,3,1
euqcb,1,2,1
dscb,2,3,1
btdza,5,6,1
wwonsaoj,7,5,2
blbka,1,2,1
ahera,1,2,1
dsek,1,2,1
lslb,1,2,1
lsjo,1,2,1
lsjw,4,4,2
lsix,1,2,1
nvao,4,5,1
lsio,2,3,1
pyzl,1,2,1
nvaf,5,6,1
duyvc,2,2,2
cqbba,12,12,2
pywy,1,2,1
pyxj,16,12,2
jpnx,8,6,2
rajhcktm,16,17,1
aonojdal,15,16,1
pyto,1,2,1
pytv,1,2,1
bide,1,2,1
ahwfeffr,4,5,1
nuyv,2,3,1
pyrm,3,4,1
qpnvktdk,1,2,1
mbqfa,1,2,1
ceora,1,2,1
xvxl,1,2,1
jojj,3,3,2
wklp,2,3,1
snwja,7,7,2
epbwzscg,2,3,1
ovnnufxd,1,2,1
jgktveqz,2,3,1
wkmj,2,3,1
heet,5,5,2
eyayfpuc,2,3,1
jold,1,2,1
bhcx,1,2,1
qvxjahzy,9,10,1
wkjo,1,2,1
hebw,1,2,1
wkkg,4,4,2
diig,1,2,1
hecs,1,2,1
diiq,3,4,1
hecv,4,5,1
ggnga,2,3,1
twkqa,1,2,1
wkpm,3,4,1
lxrp,4,5,1
heig,1,2,1
zxqy,1,2,1
spaxygip,1,2,1
jhrlseov,1,2,1
zxqe,1,2,1
sbvxa,5,5,2
bhhn,13,13,2
odxk,1,2,1
xvzj,5,6,1
kddwa,2,3,1
piwe,1,2,1
odxv,2,3,1
jomd,1,2,1
zxos,3,4,1
dims,1,2,1
mjfna,1,2,1
aasza,3,4,1
zxey,1,2,1
zxfg,1,2,1
zxfb,3,4,1
hene,2,3,1
lxtq,3,3,2
odle,29,11,13
eibua,4,4,2
lxvh,1,2,1
lxrezirf,2,3,1
rdgpa,2,2,2
wkgw,3,4,1
jofe,1,2,1
wkhk,3,4,1
disx,5,5,2
bayxrpms,1,2,1
zxgi,1,2,1
lxxm,10,7,3
rsuu,1,2,1
rsvl,2,3,1
pgteb,1,2,1
zwoda,3,4,1
qvismvgg,68,51,4
cqrua,1,2,1
jozn,9,8,2
bvvwbijs,2,2,2
joxt,1,2,1
joxs,1,2,1
xvkl,3,4,1
qoipfdvx,2,3,1
jpav,1,2,1
hdxx,1,2,1
odkh,1,2,1
dnnca,1,2,1
lyde,1,2,1
piij,1,2,1
zycf,1,2,1
japvdzys,7,8,1
pihd,1,2,1
wywhwxkp,1,2,1
hgvlxzjf,1,2,1
cqrwa,1,2,1
uxtwa,18,10,3
rtoi,1,2,1
kvqjmwmo,1,2,1
nxenb,1,2,1
msnda,4,5,1
qzzpeilf,1,2,1
pino,1,2,1
rtey,1,2,1
rtdm,3,4,1
wjrl,2,3,1
xvpg,4,4,2
blcwgcrn,2,3,1
klica,2,3,1
zxrv,2,3,1
agxja,31,29,2
zyqpa,1,2,1
nmhymeih,4,5,1
xvrz,1,2,1
pirc,1,2,1
xvsr,1,2,1
lyme,1,2,1
bgmu,1,2,1
djej,2,3,1
uack,1,2,1
latyiykx,1,2,1
xvtc,1,2,1
odbl,1,2,1
wjvf,3,3,2
lylf,3,4,1
djdf,1,2,1
togslwvw,1,2,1
hmuongtj,1,2,1
bgoz,2,3,1
pgssa,3,4,1
zxww,1,2,1
rthe,1,2,1
rvpyfcwb,1,2,1
lykg,1,2,1
xmnrtozp,2,3,1
wxiza,3,4,1
wjtj,1,2,1
bgnm,5,6,1
depcqovm,1,2,1
bgbl,1,2,1
gmnga,2,3,1
agyva,1,2,1
lyor,6,7,1
lypb,1,2,1
lypy,2,3,1
zswkbmuo,6,7,1
pcmrnpoj,1,2,1
xuui,1,2,1
xuuj,6,7,1
wprllnuv,1,2,1
wjln,9,3,8
hdeb,59,53,3
xgtdzckl,1,2,1
deaxa,4,5,1
zwlx,1,2,1
xuwc,3,3,2
tsjxxrsd,4,5,1
phmwnavp,3,4,1
lytu,1,2,1
hdfn,13,8,3
bgdy,4,5,1
jnmd,1,2,1
frfofmnp,1,2,1
bgeg,1,2,1
dhif,1,2,1
dhip,3,4,1
hdhb,1,2,1
dhiz,1,2,1
wjod,142,132,2
dqpsbhup,3,4,1
zwax,1,2,1
bfzm,1,2,1
ymntkgiu,1,2,1
oeny,4,5,1
nieycscx,2,3,1
rtvk,9,8,2
zweq,18,15,3
wjdi,3,4,1
fnczycnu,1,2,1
lqjda,2,3,1
zwgo,4,4,2
oetf,2,3,1
dhpu,10,11,1
oetc,2,3,1
dhrh,27,19,4
oeum,1,2,1
gybrmpqx,3,4,1
vfeirylr,6,6,2
yjewa,1,2,1
dhws,1,2,1
rune,1,2,1
hcpt,3,3,2
agyda,2,3,1
lzuza,2,3,1
dhtvxeeb,2,2,2
dhvs,1,2,1
aarqb,1,2,1
zwzk,6,6,2
pgtxa,1,2,1
zwze,1,2,1
wivq,1,2,1
qwhzllku,3,4,1
zwpfa,1,2,1
zcpgetzo,1,2,1
xudv,2,3,1
rgaiswpi,2,3,1
rurd,2,3,1
oejv,1,2,1
gxozpckd,3,3,2
zbgva,1,2,1
axksb,2,3,1
lzde,1,2,1
wizx,5,5,2
pjim,3,4,1
ndntltkf,19,20,1
bftz,1,2,1
oejn,3,3,2
wizo,1,2,1
pjlo,4,3,3
bfss,3,3,2
xuie,3,3,2
hnbzkswq,4,5,1
zxbb,1,2,1
bfsi,1,2,1
rurt,1,2,1
zwqc,2,3,1
jnos,1,2,1
akqtqnrl,1,2,1
bfhu,1,2,1
wmaymjlh,1,2,1
lzks,1,2,1
goxwa,2,3,1
lzjs,1,2,1
rufw,5,5,2
eqgvb,2,3,1
ldvepvar,6,6,2
xunh,2,2,2
jofedvsh,2,3,1
ccposzve,21,19,2
pjpv,9,5,4
didx,1,2,1
reynvjzl,1,2,1
xupg,1,2,1
jnro,3,4,1
bflv,1,2,1
xupq,2,3,1
eqgya,2,3,1
zwww,4,5,1
dibx,3,3,2
dmukvdwd,1,2,1
slnuhxlz,1,2,1
dgfv,1,2,1
dgfz,1,2,1
jmjr,6,7,1
rveq,1,2,1
rvet,8,4,6
lvos,8,8,2
zzui,1,2,1
jmki,1,2,1
ubjj,4,4,2
jmhl,2,3,1
uwkzxysz,1,2,1
dgig,40,38,2
nzmza,3,4,1
wmpi,1,2,1
hmqlacov,1,2,1
tykgb,32,25,3
htwma,3,4,1
hcaj,1,2,1
wmqv,2,3,1
lvhy,1,2,1
jmee,2,3,1
zzni,1,2,1
lvwl,4,5,1
jmbv,1,2,1
wuxerspz,1,2,1
bleoa,1,2,1
hcnk,1,2,1
zpgea,4,5,1
halra,1,2,1
ubtf,3,3,2
khhib,2,3,1
obmk,1,2,1
lvvf,3,4,1
dgjk,1,2,1
ruwi,1,2,1
plbo,2,3,1
hmwra,30,18,4
bmqpa,1,2,1
ubpq,2,3,1
bhagoewm,3,4,1
nowdjtbe,1,2,1
zwrxtxet,2,3,1
iqula,1,2,1
obhb,1,2,1
dglp,6,7,1
dglw,38,11,6
dglv,8,9,1
xycn,2,3,1
hagxrcyy,1,2,1
xybv,1,2,1
obil,1,2,1
hchf,3,3,2
wmdy,1,2,1
dgwu,1,2,1
rvtv,15,14,2
dggba,1,2,1
wmcs,2,3,1
rvty,1,2,1
qkpca,1,2,1
jmzz,1,2,1
dgzr,1,2,1
jmzu,2,3,1
obei,8,9,1
wmbo,1,2,1
gylffbtp,1,2,1
mspxa,19,20,1
ayeufwxo,2,3,1
obcm,1,2,1
obcn,8,9,1
ubyr,1,2,1
wzztkmkj,1,2,1
hbos,4,4,2
rvqe,7,8,1
belt,5,4,3
hvyda,1,2,1
rvor,4,5,1
hwnnwjru,5,6,1
dgus,4,5,1
lvyw,1,2,1
kfarkges,1,2,1
wszgicth,1,2,1
nqpcazuf,1,2,1
wgnza,2,3,1
ubwc,1,2,1
xxwu,7,2,7
ogica,3,4,1
rwcogxwj,1,2,1
xtqoa,3,4,1
uceo,1,2,1
rvld,1,2,1
uceh,1,2,1
jmpt,1,2,1
dhbq,8,8,2
xxsq,1,2,1
rvig,1,2,1
iugtlzlv,1,2,1
wlvw,1,2,1
jmnx,1,2,1
ucau,12,10,2
zzyy,2,3,1
mjdma,3,4,1
ksnmfgqw,4,5,1
ucag,1,2,1
iwgrizdi,1,2,1
lwcc,1,2,1
jmmk,1,2,1
wairjtdg,1,2,1
cqnntrmk,2,3,1
begq,1,2,1
nuumqckg,2,3,1
begm,1,2,1
lwcp,1,2,1
rvfm,17,12,3
ebhqmxjt,2,3,1
rwdm,1,2,1
rwdf,3,4,1
alztwwko,5,6,1
rwem,2,3,1
uaif,5,4,3
qftkykxu,1,2,1
lwod,2,3,1
mzltsmrp,3,3,2
wipca,1,2,1
aeuda,1,2,1
vkrvhmvd,1,2,1
plyi,5,6,1
uacz,4,5,1
lwjb,1,2,1
uadm,2,3,1
zypga,4,5,1
dfbc,1,2,1
uaee,5,5,2
wlmz,1,2,1
rwbj,1,2,1
jldh,2,2,2
zyoo,4,5,1
xwyq,2,3,1
uapg,1,2,1
xxeg,4,3,2
wlgu,5,5,2
tsefa,1,2,1
pmhj,9,5,3
zyhw,2,3,1
pmgm,1,2,1
ivzrejdn,2,3,1
uaru,1,2,1
aulzkhbh,4,5,1
jlaf,21,20,2
wljw,1,2,1
uasl,1,2,1
uash,1,2,1
batxivew,2,2,2
jkye,2,2,2
xxaw,1,2,1
lwro,1,2,1
hbei,3,2,3
lwrz,3,4,1
hbes,1,2,1
wldu,1,2,1
rvyl,1,2,1
lwuq,3,3,2
lwul,1,2,1
xxbm,3,4,1
zyfs,2,3,1
bdtf,4,4,2
wlfv,1,2,1
sydigxpr,4,5,1
jyaxa,3,2,3
rwve,1,2,1
uaxt,3,4,1
xwkx,2,3,1
xwlb,13,14,1
aapla,1,2,1
tvmhuwjn,3,3,2
kdada,2,3,1
uawy,1,2,1
hanl,1,2,1
hucxklmi,1,2,1
wpbfa,21,20,2
pllj,2,3,1
bdjj,1,2,1
ozgfa,2,3,1
uvpca,1,2,1
xwrw,1,2,1
rwmn,2,2,2
pzbeb,2,3,1
bdhr,6,7,1
lxuua,1,2,1
rwlv,1,2,1
brzutqcf,1,2,1
wpppxqjj,3,4,1
lxkk,1,2,1
mmlrzsbu,3,4,1
lxky,2,3,1
qxbjvjul,4,5,1
eenxavtq,1,2,1
hayc,4,5,1
jlpv,2,3,1
hayl,4,5,1
haym,1,2,1
wkxj,2,2,2
ubcw,2,3,1
xwoj,4,5,1
wksz,4,5,1
wksu,9,8,2
plqw,7,6,2
xwpj,1,2,1
plqf,1,2,1
zyvl,1,2,1
jljj,3,4,1
hasx,1,2,1
hasy,3,4,1
lxds,1,2,1
zgafa,1,2,1
rpybejsx,1,2,1
wujhhaph,1,2,1
ubar,9,5,5
lxgh,2,3,1
rwki,2,3,1
plsw,1,2,1
lvaza,2,3,1
zyxu,2,3,1
dmwp,2,3,1
tcfbgsyb,1,2,1
jzqymktu,2,3,1
uqoxa,5,6,1
bcqb,3,4,1
pnft,4,4,2
dbqlsiyx,2,2,2
bozca,1,2,1
pngg,1,2,1
xrxt,2,3,1
dmvw,1,2,1
oilya,1,2,1
tkpwhufe,1,2,1
bctn,9,10,1
xpxoa,1,2,1
roje,1,2,1
xruu,1,2,1
xrvi,6,6,2
hirw,4,5,1
aizpb,1,2,1
aequa,1,2,1
bcvi,3,3,2
aaoma,3,3,2
zpiha,6,3,5
bcwe,1,2,1
bexuqwgz,12,11,2
bcyy,3,3,2
wges,2,3,1
xhmwc,1,2,1
tvxidynn,49,9,25
jkbf,2,3,1
atcpa,1,2,1
dmny,1,2,1
cbpiiqev,19,10,3
xrmh,1,2,1
pngwseyt,7,3,5
roqw,3,4,1
xrmb,3,4,1
wgbo,1,2,1
zmmkthps,4,3,3
wgih,3,4,1
pncr,2,3,1
ooiykenh,1,2,1
wghs,2,3,1
gscbb,8,9,1
nnmkblqe,1,2,1
bdap,1,2,1
wgfm,1,2,1
jkdg,2,3,1
udnc,2,3,1
wfjb,1,2,1
uefo,3,4,1
rbaea,1,2,1
bcad,3,4,1
pjiduswd,1,2,1
hibw,1,2,1
pmsb,3,4,1
kwdqurgd,4,4,2
jhpcb,1,2,1
pmsi,1,2,1
zuala,1,2,1
xrkv,1,2,1
xrkp,8,6,2
rpas,1,2,1
muqfgpjb,1,2,1
xrkh,3,4,1
jkos,12,10,2
ssftvoih,77,66,4
higb,1,2,1
dnnm,19,15,2
uehl,1,2,1
wfmm,1,2,1
dnow,2,3,1
dnoo,1,2,1
tbtda,1,2,1
udxlxctd,1,2,1
esmka,3,4,1
pmmq,1,2,1
wfps,10,3,9
jkpq,1,2,1
wfpw,3,4,1
bckd,9,9,2
hhyy,1,2,1
pmkv,6,6,2
bclg,3,4,1
hhzt,1,2,1
hhzx,15,9,7
pmqh,3,4,1
dndg,2,3,1
dndw,1,2,1
iolgmvcb,1,2,1
qxhputkj,5,6,1
wfvj,3,2,3
tduua,2,3,1
bcnc,1,2,1
hyleb,1,2,1
xrap,15,10,3
bcox,1,2,1
cqvruapf,5,6,1
rpgs,24,22,3
jivg,15,4,8
vzygfnmd,1,2,1
ansqjmez,1,2,1
aavbvjbh,4,5,1
hhqx,18,9,8
hhqs,1,2,1
jiuk,15,16,1
wpwtojrf,1,2,1
ebxmgrwu,1,2,1
ucte,5,5,2
vnsza,2,3,1
pokv,2,3,1
xnlzb,1,2,1
uctm,4,4,2
wezx,7,8,1
xqxm,43,35,4
jixy,2,3,1
ucty,2,3,1
bawha,3,4,1
oaiz,1,2,1
dlzn,1,2,1
qqgsfpbi,1,2,1
ponk,2,2,2
ponl,1,2,1
ucvr,11,6,6
xvfbajzv,1,2,1
cqufa,1,2,1
pugzljqw,1,2,1
wfai,1,2,1
wfab,11,10,2
bbzn,2,3,1
bbzo,1,2,1
ulcccadn,2,3,1
hhkz,2,3,1
hhkn,1,2,1
dlmf,1,2,1
paidfqpi,2,3,1
hhkq,1,2,1
xqmj,4,4,2
drggzeye,1,2,1
nsssa,2,3,1
ucmv,2,3,1
agyzublo,1,2,1
oasw,1,2,1
hhnk,1,2,1
lnfbhyeo,2,3,1
ucmn,1,2,1
ucmk,34,5,25
xqpi,1,2,1
cgnva,2,3,1
rpwn,1,2,1
xqpf,13,12,2
oauc,4,3,2
jjem,1,2,1
ukwlxgpi,1,2,1
poei,2,3,1
pnum,1,2,1
wtdmgrsu,64,65,1
efxnnwfr,8,8,2
xqbn,4,4,2
dmin,1,2,1
ucjwbnld,2,3,1
hhbl,2,2,2
hhbf,3,4,1
krmbdllp,1,2,1
bbdx,3,4,1
oxcma,1,2,1
bbdk,3,3,2
snsha,6,6,2
ubcosxxp,2,3,1
bber,4,5,1
udgx,1,2,1
welj,3,4,1
yshkiwik,2,2,2
bbbd,3,3,2
iumxjacp,6,6,2
wemn,5,6,1
utppwxdu,1,2,1
jjnj,3,4,1
vizmrgnn,1,2,1
ajlovfxs,1,2,1
hgwq,7,8,1
ucxn,1,2,1
jhjyheil,3,4,1
rqen,6,7,1
xpyh,6,4,3
bbfp,1,2,1
bbgh,2,3,1
hgzb,1,2,1
weqz,12,13,1
tfsrgiwe,1,2,1
sqxzneeh,3,4,1
weqs,2,3,1
rqgh,1,2,1
hwshtepq,2,3,1
jjrd,1,2,1
eqcea,5,5,2
dmdi,2,3,1
pnps,2,3,1
rqjg,1,2,1
rqjh,2,3,1
dyalljpf,3,4,1
ijpva,4,5,1
lcgxjoet,1,2,1
bbnl,6,4,3
oacw,4,4,2
yrjma,1,2,1
lekzuvii,44,42,2
dmbl,11,12,1
jzwjunno,3,4,1
jjur,2,3,1
pntp,1,2,1
bbkt,3,4,1
dmcp,3,4,1
oaen,4,4,2
dkxk,3,4,1
dkxh,10,11,1
dkxg,3,4,1
jhyg,4,3,3
uzrfxkag,13,13,2
acwoa,1,2,1
rdada,1,2,1
uqmva,22,19,3
qlipaixn,3,4,1
wice,1,2,1
rqqn,3,4,1
fxqrabqz,1,2,1
jhwu,1,2,1
veowa,1,2,1
bzutsncf,1,2,1
hgqe,2,3,1
ppjw,1,2,1
rqns,1,2,1
aztmqrmt,1,2,1
ufwz,1,2,1
jhtb,2,3,1
cluha,2,3,1
fagyuwqp,1,2,1
jhsb,4,5,1
dktv,2,2,2
lzxn,3,3,2
lzyf,2,3,1
gzwtmgzd,4,5,1
rqlt,1,2,1
xtwf,19,11,2
wimp,4,3,3
hgmk,1,2,1
knqlb,1,2,1
dkno,1,2,1
fiheylvk,2,3,1
dknn,1,2,1
gcflsnqj,1,2,1
wikb,4,5,1
rqzj,1,2,1
wiiw,1,2,1
wijo,2,2,2
hgjg,18,8,3
ufpf,1,2,1
ppbz,3,4,1
hftqa,1,2,1
xtpz,17,13,2
baxf,1,2,1
acwla,1,2,1
lzqh,3,4,1
hhwga,9,8,2
dklr,2,3,1
mxkla,1,2,1
whrb,4,5,1
rreh,1,2,1
xtnn,1,2,1
ugln,2,3,1
ugll,7,8,1
hgbg,3,4,1
rrct,1,2,1
hgcy,1,2,1
sygja,1,2,1
mkzjsivq,1,2,1
rrak,2,3,1
rrae,27,14,4
dlfe,5,6,1
jide,4,5,1
esyuvxdd,1,2,1
jfopafhb,2,3,1
whmy,1,2,1
jiev,4,4,2
potz,3,3,2
rrlv,2,3,1
bahu,4,5,1
uggc,1,2,1
rrnm,2,3,1
lbzxmurh,1,2,1
whxs,3,3,2
ttdrtjqc,1,2,1
ugdm,1,2,1
hfxz,1,2,1
ugde,1,2,1
rhcva,1,2,1
bzuba,1,2,1
porb,1,2,1
qfosdhsl,1,2,1
iufbmbkt,1,2,1
bagn,1,2,1
aiykb,1,2,1
djwv,1,2,1
pqph,4,5,1
pqpc,1,2,1
hfpv,2,3,1
fosieeps,5,6,1
nzhla,1,2,1
uezz,1,2,1
djtr,21,10,11
whbk,1,2,1
rrud,3,3,2
xswq,1,2,1
rroe,2,3,1
xsxq,2,3,1
jgql,23,23,2
pqjm,2,2,2
thpwqxin,1,2,1
jgte,10,9,2
rrri,1,2,1
alccryeg,1,2,1
djqw,4,5,1
pqmr,1,2,1
xszn,3,4,1
rrpx,1,2,1
djoi,1,2,1
caava,2,3,1
aalra,4,5,1
iqxzb,1,2,1
hfkn,47,8,17
pqhh,2,3,1
virjcvje,6,7,1
djkm,2,3,1
hfel,11,6,3
hfee,1,2,1
fsxla,1,2,1
uelc,8,6,3
djjp,1,2,1
xspn,3,4,1
uels,8,9,1
pqev,1,2,1
lsqza,23,18,3
hfgd,1,2,1
phmfeioo,1,2,1
xsll,1,2,1
rsdn,1,2,1
ateja,6,4,3
atejb,10,10,2
nustb,1,2,1
rsey,1,2,1
vzzga,4,3,3
yohedari,2,3,1
xsmi,1,2,1
aeqda,4,4,2
hfdc,14,9,4
skmpzrcn,12,13,1
wgqk,2,2,2
dkgz,2,3,1
vdwrshye,1,2,1
abyrxtfe,2,3,1
jhcb,1,2,1
ppyd,2,3,1
jhbu,1,2,1
jhbt,1,2,1
rsae,19,4,14
uffx,1,2,1
xsjh,1,2,1
dkbz,2,2,2
dkbr,2,3,1
xsdnunal,1,2,1
atema,1,2,1
kfijhkbr,1,2,1
ufat,3,4,1
hewg,2,3,1
gmvkecse,1,2,1
xsej,24,15,10
acvva,1,2,1
rsok,3,4,1
wgyc,4,5,1
hezr,34,28,2
rtqua,2,3,1
tukpb,1,2,1
ufen,10,10,2
ppxm,1,2,1
nzhea,3,4,1
ppqm,8,9,1
herz,1,2,1
anyzplax,1,2,1
uqmza,1,2,1
yuwupnrf,2,3,1
bgtfb,2,3,1
ifwjssxg,1,2,1
rnqbcrfm,1,2,1
argdljrc,1,2,1
pptn,4,4,2
zooj,3,4,1
wrnd,4,4,2
xlxp,18,13,3
jlxvbblt,7,6,2
uhgf,50,9,24
wrls,1,2,1
drjca,5,5,2
gzbv,7,8,1
wrkk,2,3,1
uhec,3,4,1
cabv,2,3,1
spbn,5,6,1
vbmqddnr,8,7,2
xlqv,1,2,1
njrz,1,2,1
rtfnmtls,3,4,1
xlrn,2,3,1
jfgd,5,5,2
xlrg,2,3,1
qdvm,5,5,2
uhqb,1,2,1
gznp,12,8,3
qgeqjtrk,1,2,1
rtcqabzn,1,2,1
wrev,2,2,2
jfdj,2,3,1
jfdu,2,3,1
gzmf,1,2,1
wrfh,3,4,1
kmdsa,1,2,1
rvarusxi,1,2,1
ecvs,45,8,26
uhnp,6,7,1
wrcy,7,6,2
zofi,1,2,1
zywlwfqb,1,2,1
npvodnsb,1,2,1
ecpt,1,2,1
aazvb,1,2,1
gziv,2,3,1
wraq,2,3,1
njme,1,2,1
agnnwyno,6,6,2
gzil,1,2,1
soxr,1,2,1
rmwha,2,3,1
soxv,28,14,6
xlyr,2,3,1
sowe,9,10,1
uhks,1,2,1
njjy,2,3,1
skokwpav,2,3,1
nribzkap,2,3,1
obdekxiv,1,2,1
gooshrnm,1,2,1
yoajxftd,4,5,1
tphkjazl,5,5,2
xtzsvare,2,3,1
jewk,1,2,1
qejt,1,2,1
vjsna,12,11,2
zvuwighn,4,3,2
clgpxcwx,2,2,2
gzoj,1,2,1
gjpwhayo,7,8,1
xmdf,1,2,1
znxj,2,3,1
ebyd,1,2,1
xmcf,4,5,1
ugqw,10,11,1
xaboawbi,1,2,1
nkes,1,2,1
baaza,2,3,1
zljqa,5,6,1
lgxknzzv,3,4,1
wuurmhqb,11,10,2
pszba,1,2,1
ripxkxkz,1,2,1
ecef,3,4,1
qeti,4,5,1
capb,1,2,1
xmpf,5,6,1
sojl,4,3,2
caov,1,2,1
fzcbb,2,3,1
jcfqrsdm,1,2,1
ztgfgqxb,8,9,1
dizcxzkb,3,4,1
ugzt,1,2,1
gzyu,27,16,2
qeru,10,10,2
caiz,1,2,1
caio,1,2,1
znql,1,2,1
gzzx,26,6,15
wrot,3,3,2
kqmsarbn,4,5,1
ugyb,1,2,1
jelu,4,5,1
znpn,4,5,1
xmjv,1,2,1
ugze,11,10,2
ugzc,12,3,10
asvuszil,3,3,2
yglkgpqe,1,2,1
uoacb,6,6,2
qcxz,2,3,1
niud,5,6,1
znkrc,3,4,1
xvwndhbr,1,2,1
otoptsxi,1,2,1
fsnmcmpb,1,2,1
nixj,4,3,3
aexrwyrz,1,2,1
qczy,1,2,1
rcmga,1,2,1
cbgo,1,2,1
cbgh,3,4,1
edmt,2,3,1
niwv,1,2,1
nirn,1,2,1
niqb,1,2,1
qcts,2,3,1
edli,11,8,3
xjpgkmwe,6,7,1
soac,17,13,2
xmuq,1,2,1
uigc,1,2,1
hkvga,2,2,2
edir,5,5,2
uifk,2,3,1
fdezgvfh,2,3,1
zpng,1,2,1
qcvh,4,5,1
huqzrsus,3,4,1
wsep,5,6,1
psynb,5,6,1
pzira,15,14,2
cojmpvhs,2,3,1
niov,3,4,1
tiodlanf,1,2,1
zpid,1,2,1
xncw,16,16,2
mxajrlrv,1,2,1
wsgm,1,2,1
hzagejad,2,3,1
qfqqxunf,2,3,1
uirx,1,2,1
jkxzc,8,7,2
zhdsrgke,2,3,1
nmgoa,9,8,2
yyatwphl,18,7,9
ayepa,3,4,1
nihw,8,8,2
hikda,7,8,1
sntk,4,4,2
wsbc,1,2,1
snwg,5,6,1
ynspa,1,2,1
ayeua,1,2,1
xnhw,3,4,1
snri,9,10,1
uhxw,1,2,1
zpbb,14,13,2
qdmu,1,2,1
wtbu,2,3,1
njjh,2,3,1
qdff,2,3,1
njce,4,5,1
xgdbymnl,1,2,1
xngr,1,2,1
ljqspiyt,6,7,1
njew,7,8,1
kvaiskxt,2,2,2
ecyg,5,6,1
snod,2,3,1
kedruhmq,1,2,1
qdie,1,2,1
jfzt,4,5,1
qdrg,36,36,2
qdrr,1,2,1
xnqj,1,2,1
cbrs,3,3,2
hyziqkzb,2,3,1
nzxka,1,2,1
wijbkhsh,3,4,1
xnsh,2,3,1
uibo,2,3,1
xdarmrip,1,2,1
cbnj,17,8,9
ehhca,1,2,1
ajhxiksy,1,2,1
xnmo,1,2,1
ehhba,9,10,1
rttryggb,1,2,1
wuisijjo,3,4,1
edbm,6,4,3
edbl,1,2,1
wtnt,1,2,1
tovra,1,2,1
wtnx,4,4,2
ujhs,1,2,1
zqop,1,2,1
wfdgluui,7,8,1
xnxj,3,3,2
rriea,1,2,1
ujhp,1,2,1
hdwua,1,2,1
qxihxstn,1,2,1
nhqc,7,5,3
yzowa,1,2,1
wtlx,9,9,2
gwzx,2,3,1
ujgb,2,3,1
zqmi,9,8,3
qfzl,3,4,1
hpupmcas,1,2,1
qfzm,1,2,1
nhnx,2,3,1
eaek,3,4,1
jdjb,1,2,1
qafma,3,4,1
ujmw,3,4,1
qnqsyhuu,1,2,1
gxah,2,3,1
wtrb,15,10,3
wtrj,1,2,1
zqtu,1,2,1
ujkf,8,6,2
srib,5,5,2
pbyckclc,1,2,1
atrga,1,2,1
gxet,5,5,2
qgfq,61,34,8
nhjf,3,4,1
wtdr,1,2,1
jczt,5,5,2
gxby,2,2,2
gcwvsbyk,1,2,1
ttlma,3,4,1
nhgj,1,2,1
zgngsfic,8,9,1
rtnwxjvd,9,9,2
jdbe,1,2,1
srbd,1,2,1
eaow,2,3,1
giqxa,6,7,1
qgjh,1,2,1
eapg,4,5,1
qgio,1,2,1
nhku,20,20,2
wtij,1,2,1
gxhi,9,5,3
qghj,2,3,1
mtrsvchw,1,2,1
ujrb,1,2,1
qkwwa,1,2,1
uivm,13,8,2
jcsj,6,7,1
xoiv,1,2,1
nmmisntc,2,3,1
qawwoeoz,2,3,1
uivv,58,26,4
vdjqlinp,6,6,2
sixvorgj,1,2,1
lzqxkvzl,4,5,1
sqqt,2,3,1
gxkm,19,18,2
fgmzjaoy,2,3,1
sqrf,16,14,2
tlozkiig,95,16,29
gxli,2,2,2
ruhefxnm,23,15,4
nifp,1,2,1
sqye,4,5,1
gxre,1,2,1
kdibcwzg,1,2,1
qgsw,8,9,1
jcxl,1,2,1
sqwb,2,3,1
sqli,6,7,1
xorh,2,3,1
wtvc,1,2,1
afosa,6,6,2
qgwf,1,2,1
gxwc,1,2,1
qgwc,1,2,1
thwib,1,2,1
jclg,2,3,1
nhzx,1,2,1
xopw,1,2,1
qgty,1,2,1
rnygrwac,1,2,1
gxtp,7,7,2
sqkk,3,3,2
hdwla,1,2,1
sqor,2,3,1
sqqd,1,2,1
qppsjoyd,2,3,1
eaas,1,2,1
xclsa,1,2,1
gxxk,6,4,2
uhlwimkv,1,2,1
ebhu,1,2,1
sqal,4,4,2
jedj,3,4,1
jedm,1,2,1
jbhruhad,3,4,1
ukhj,14,13,2
sqdu,1,2,1
sqdz,1,2,1
zrqs,1,2,1
wuoz,35,32,2
ngom,21,6,9
wupo,1,2,1
sqcx,2,3,1
ngql,1,2,1
uvhzolaf,7,7,2
sqet,2,3,1
okpnapji,9,10,1
wurp,3,3,2
zrtz,3,4,1
zrtx,1,2,1
ewroisws,1,2,1
zrts,1,2,1
gydj,4,5,1
qfah,1,2,1
ebjj,12,13,1
wusy,1,2,1
wutt,1,2,1
zrgf,3,4,1
arfhqsss,1,2,1
wugg,3,4,1
vwroa,5,5,2
gygw,4,4,2
uksd,2,3,1
ebmw,3,4,1
ngfs,9,5,3
wuhf,1,2,1
vrsfgjpl,76,54,3
gygo,2,2,2
wukj,1,2,1
ukuu,2,3,1
akefa,1,2,1
zrjx,1,2,1
zrjw,1,2,1
qfhl,2,3,1
ajxunopn,1,2,1
wuku,1,2,1
wydxfsar,16,15,3
ujwu,10,9,3
evxfktpb,8,8,2
nmiha,1,2,1
gwzxa,2,2,2
clhgghwq,3,4,1
xqlma,1,2,1
gype,2,3,1
spsi,50,38,2
xpnc,1,2,1
sptg,8,7,2
xpnj,3,4,1
spmva,12,13,1
qjxubvum,5,6,1
spuz,1,2,1
elluygep,3,4,1
ktdezfor,9,9,2
eayx,2,3,1
jdzc,4,4,2
xprg,8,9,1
qfsp,5,5,2
mkvbixbi,3,4,1
wuxm,1,2,1
spjc,1,2,1
jdmb,10,10,2
afnqa,1,2,1
xptj,3,4,1
qftc,2,2,2
zczma,2,3,1
elyhb,1,2,1
vufba,1,2,1
spju,1,2,1
spjw,18,19,1
ebdh,1,2,1
zqyd,1,2,1
ukfo,2,3,1
gmrudaxt,1,2,1
spms,1,2,1
qafea,4,3,2
lgfqfcfq,1,2,1
arhmb,1,2,1
zspe,5,3,4
vssunotv,3,4,1
ulyv,3,4,1
sdlppens,8,7,2
skrg,1,2,1
jayw,1,2,1
jazx,1,2,1
ulwn,15,8,5
skcjijvx,4,5,1
kwptvniu,3,4,1
nxojxbis,2,2,2
aybgb,1,2,1
egxq,1,2,1
jawj,8,9,1
xhsq,5,4,2
wmyr,19,14,3
wietlqfs,4,4,2
zsiw,2,3,1
wmvt,2,3,1
ulsf,1,2,1
xhqg,1,2,1
iuwjiozc,1,2,1
adbxa,1,2,1
gqbgb,2,3,1
lnyjqetb,2,3,1
wnfk,4,4,2
khrha,1,2,1
egth,2,3,1
xhpi,1,2,1
qvhka,1,2,1
ulqq,1,2,1
wngm,1,2,1
nfro,2,3,1
ldyo,2,3,1
yypxpnkq,4,4,2
tnqwrhac,1,2,1
ulmy,1,2,1
ldyy,3,4,1
ijlumpgl,6,7,1
jbcm,3,4,1
zsup,5,6,1
lllvisxp,1,2,1
wnbf,6,6,2
wnbe,4,5,1
xhlv,3,4,1
pzgnadlq,1,2,1
wfwma,1,2,1
egqn,1,2,1
skoda,3,4,1
xgsya,5,5,2
egrc,9,10,1
fxeza,4,5,1
wkdyljnu,2,3,1
vfivmelt,1,2,1
xijb,1,2,1
kbrrkbfk,8,9,1
xigu,9,9,2
ldqx,12,3,11
egnf,1,2,1
egmn,2,3,1
lxxga,1,2,1
xies,1,2,1
fgwbucpw,1,2,1
hmbueonv,3,2,3
cooyaxqt,3,4,1
wnhr,1,2,1
lluknprt,4,5,1
grqbaebx,25,18,3
gnrlrpqo,13,14,1
wqnzyusy,2,3,1
wnhb,1,2,1
ndgda,3,2,3
skmt,1,2,1
sexwswhv,30,22,3
joxpa,3,4,1
wnvv,1,2,1
wnvb,1,2,1
ngah,1,2,1
zsdl,2,3,1
skjw,5,3,4
jarw,1,2,1
xadya,1,2,1
zseu,26,8,16
qkjxjoow,1,2,1
swbvyjin,1,2,1
scwgejwo,52,15,4
xdbhsfxc,1,2,1
zrlna,1,2,1
ldgl,1,2,1
xhzd,1,2,1
xhyr,2,3,1
janr,1,2,1
fakuhuxb,13,9,2
mxkegylh,1,2,1
qhjb,1,2,1
ynoib,2,3,1
yntvgxrc,1,2,1
oebvd,3,4,1
oebvb,3,4,1
neen,3,4,1
czdza,1,2,1
ztrg,1,2,1
wsyva,1,2,1
ldbl,3,4,1
iiiwmmvr,1,2,1
qhlr,3,3,2
umzu,2,3,1
ejbraenu,1,2,1
qhme,11,11,2
koveoafl,5,6,1
sjsy,16,15,3
wnxq,3,4,1
jbwj,1,2,1
ehcka,6,4,2
umty,5,5,2
xise,1,2,1
lxvra,2,3,1
nqema,3,4,1
vxwdzhaf,1,2,1
wnzy,13,12,2
nebq,1,2,1
umwu,1,2,1
gkbmzvnq,14,5,8
xipw,12,10,2
cvsza,7,8,1
qhbn,4,5,1
gbvymxum,1,2,1
jcfb,2,3,1
jcfp,1,2,1
qhcl,1,2,1
xirf,1,2,1
eqjvb,2,3,1
sjtg,1,2,1
woax,8,8,2
bpywfwvx,1,2,1
sjum,3,3,2
arjoa,1,2,1
wtxvwkwg,1,2,1
ehqr,1,2,1
lxhsirmx,1,2,1
ehrp,2,3,1
lcvn,1,2,1
iooma,1,2,1
umhs,2,3,1
umim,6,4,2
nevd,1,2,1
wool,2,2,2
qhzc,1,2,1
jbkn,1,2,1
boerqpwr,3,4,1
jbkg,1,2,1
kqluxjet,1,2,1
xjjs,1,2,1
sjbr,2,3,1
cbuwvesj,2,3,1
hajc,2,3,1
ttrha,4,5,1
newp,1,2,1
lcqv,2,3,1
nmbwa,1,2,1
umjc,5,6,1
woph,3,4,1
aaxdb,3,4,1
kvgwlrdb,3,2,3
hade,1,2,1
lclc,3,4,1
tyltxixd,13,13,2
xjew,1,2,1
umcm,12,7,2
zszp,1,2,1
xablapfk,1,2,1
wojj,1,2,1
xjfp,6,7,1
arjua,1,2,1
ioooa,3,4,1
neti,1,2,1
ehjp,1,2,1
xjgp,1,2,1
umeu,1,2,1
jbhy,1,2,1
sjhr,1,2,1
xjbo,1,2,1
wovq,1,2,1
qhux,1,2,1
sjkp,2,3,1
xjbx,1,2,1
jbub,1,2,1
ztio,2,3,1
ehet,6,6,2
smxpabku,8,5,3
ztbu,3,3,2
jbpv,4,3,3
sjdn,3,4,1
ehpbxabl,2,3,1
kjxsnuul,4,5,1
ehbk,4,5,1
lcep,1,2,1
usjga,2,3,1
wotp,2,3,1
smtl,3,3,2
zupg,1,2,1
xcqfb,1,2,1
ukaua,1,2,1
obzvprff,1,2,1
eetu,4,5,1
xjwg,11,3,7
qklg,2,3,1
lbyk,2,3,1
wozt,1,2,1
qkrs,1,2,1
bypz,3,4,1
smvr,1,2,1
floda,4,5,1
wpex,8,3,6
eiekzrds,6,7,1
zuxz,7,5,3
obvpb,2,3,1
eekk,2,3,1
lbts,2,3,1
unqb,1,2,1
qxtifgvh,2,3,1
xsqha,2,3,1
qkgk,1,2,1
byvo,2,3,1
sbcga,23,24,1
qkdg,1,2,1
xjmp,1,2,1
snbc,1,2,1
iqova,3,3,2
wdzpwlhz,1,2,1
ndmz,1,2,1
ndmw,1,2,1
byyl,1,2,1
lbuq,2,2,2
jsskatzl,1,2,1
zuzu,1,2,1
byzi,1,2,1
unrr,1,2,1
zuyf,5,6,1
pcexlgqf,3,4,1
snhza,1,2,1
xkil,1,2,1
wpof,2,3,1
eedd,40,7,25
hzeylhmg,4,5,1
unhs,1,2,1
eeco,29,5,20
unhb,27,20,4
jfxoa,8,8,2
qclva,5,6,1
xdrlbjvw,2,2,2
wxvuudzd,4,5,1
lbjs,1,2,1
eeeu,3,4,1
lboy,1,2,1
eehs,2,3,1
qldw,1,2,1
smhs,1,2,1
wceob,1,2,1
xkmz,58,15,25
zzoga,2,3,1
gbnkb,1,2,1
ecyha,1,2,1
jrfva,2,3,1
kfcnzcfq,21,12,2
wppm,1,2,1
iikya,19,6,10
ndzt,2,3,1
heywdzxl,2,3,1
bzfi,2,3,1
ndxy,3,4,1
bzhw,1,2,1
smix,1,2,1
xowqfavi,1,2,1
bzgr,1,2,1
lbge,2,2,2
unbi,2,3,1
wpyd,7,8,1
wpyw,1,2,1
zvpj,1,2,1
qjjc,1,2,1
gshva,2,3,1
qjkh,1,2,1
laxj,2,3,1
efyn,7,8,1
kwxbvhex,3,4,1
qjlg,4,5,1
umcka,1,2,1
wqaf,8,8,2
asyfxkxl,1,2,1
gutlb,1,2,1
ncah,1,2,1
sngpb,1,2,1
ooaca,45,17,17
ncbd,4,5,1
wqbl,2,3,1
zvvy,40,8,9
ncbq,1,2,1
qjpq,3,4,1
jdwgb,1,2,1
qjqm,1,2,1
bzsn,1,2,1
qjar,5,4,2
zvxr,2,3,1
qvina,2,3,1
xkos,1,2,1
lape,3,4,1
efpw,1,2,1
efml,2,3,1
ncfq,12,6,5
qjdx,1,2,1
efnt,1,2,1
auabelwb,23,16,2
nckl,1,2,1
bzzy,141,117,6
oqbra,2,3,1
bzzm,1,2,1
nclh,43,6,25
jadc,1,2,1
aujcqaov,9,10,1
aastshes,4,4,2
awecvabd,4,5,1
efig,1,2,1
lagm,3,4,1
kmjua,1,2,1
wqqt,2,3,1
slbz,1,2,1
ayxxfzce,2,2,2
ncny,1,2,1
efet,2,3,1
zcmtwfec,1,2,1
slec,1,2,1
ncro,1,2,1
uolq,5,3,4
hahka,6,5,3
umjfzxse,2,3,1
pjusiqbm,2,2,2
arlua,1,2,1
yunla,8,7,2
zlora,1,2,1
ncvy,1,2,1
zvfr,1,2,1
ncvj,7,8,1
ncvm,4,5,1
slie,3,3,2
zvgr,2,3,1
qjrr,18,15,2
uwvzqnxw,1,2,1
qjrk,1,2,1
labi,4,5,1
xlbx,8,8,2
zvif,1,2,1
xlcm,1,2,1
uoat,1,2,1
nczv,1,2,1
ubiiwjfn,1,2,1
xlef,5,6,1
ncyv,2,3,1
blrna,1,2,1
lafd,4,4,2
cojhhvjc,1,2,1
eqmma,3,4,1
qjyu,1,2,1
uogi,1,2,1
zvmp,2,3,1
gjgbnarq,2,3,1
bxgr,2,3,1
lhro,15,9,4
bxip,9,9,2
ahczlhlr,2,3,1
bxfh,6,2,6
okqktheq,2,3,1
lhmi,1,2,1
ksoxboot,3,4,1
upbz,2,3,1
piena,2,3,1
grab,2,3,1
qpvltdqr,3,4,1
bluumcxj,1,2,1
nswu,5,5,2
graw,3,4,1
xdsz,6,2,6
nsxj,1,2,1
nsxk,6,7,1
uklqblrn,15,7,5
grks,1,2,1
nsqg,1,2,1
dyto,2,3,1
dyty,1,2,1
zfdb,2,3,1
mndytgtu,1,2,1
kaoonuhy,1,2,1
grkn,1,2,1
nsrl,18,14,3
grly,1,2,1
dyue,1,2,1
abdva,2,3,1
yhmhybtg,8,8,2
zffn,6,7,1
dyrf,3,4,1
nstk,1,2,1
qkltepll,2,3,1
zfep,1,2,1
gvwxajqc,15,14,2
xeal,1,2,1
grgg,1,2,1
jtvjwyqj,2,3,1
blyya,1,2,1
dyqo,9,10,1
grhh,1,2,1
qzkxa,3,4,1
zpuca,18,19,1
dvaha,2,3,1
fseqa,2,3,1
arifwtgr,2,3,1
uplf,3,3,2
sfwe,2,3,1
dyoi,3,4,1
upwn,2,2,2
libn,1,2,1
upvk,6,7,1
xdfm,2,3,1
nshj,2,2,2
nslc,2,3,1
nbifa,5,6,1
xdhs,3,4,1
anfhugqm,1,2,1
bwsk,6,5,2
uprp,3,4,1
wzxe,17,10,5
xdaz,2,3,1
nsgj,1,2,1
nvldb,11,10,2
upty,3,4,1
dyvr,1,2,1
zfzo,3,3,2
xdmc,3,4,1
xqvja,8,7,2
bwow,1,2,1
yktkxate,1,2,1
lldfa,1,2,1
lijs,39,20,4
wzvu,1,2,1
bqwka,1,2,1
nsch,1,2,1
wzuv,1,2,1
uqax,4,5,1
xxgbb,1,2,1
nsbl,3,4,1
zfpq,3,4,1
lifk,53,45,3
imwztqrw,1,2,1
dzad,1,2,1
dzaj,2,3,1
gqyn,1,2,1
liji,1,2,1
wsmmmcfm,4,3,3
liiu,2,3,1
liij,8,8,2
jrkdbkns,6,7,1
oqhnpxcg,1,2,1
brxzatui,9,6,3
xayyatoi,1,2,1
avqka,6,6,2
xezh,1,2,1
iprvvusq,7,7,2
byip,11,7,3
xeyq,4,3,3
thidrsme,2,3,1
byir,1,2,1
zgno,1,2,1
gsei,1,2,1
kymza,1,2,1
sfaj,1,2,1
zgmu,4,5,1
ikema,1,2,1
pzwc,1,2,1
nrun,3,3,2
cvhtjwzi,1,2,1
dytpswaw,11,9,4
byef,3,4,1
oetrgihj,7,7,2
sezw,2,3,1
hlylabcw,2,3,1
uqef,1,2,1
pzul,1,2,1
iksnleox,1,2,1
qtisa,2,3,1
uqro,2,3,1
cvnhvgnj,6,7,1
tqyna,2,3,1
nxvfa,1,2,1
bybh,1,2,1
fszwbxuc,1,2,1
xfbl,3,4,1
dvboa,2,3,1
zgfq,2,3,1
uqpf,6,7,1
sewi,1,2,1
lgxt,1,2,1
vyvla,1,2,1
xfak,2,2,2
uqqf,1,2,1
zgcy,2,3,1
lgut,1,2,1
egkunwzl,2,3,1
zgdq,5,5,2
vvmfgupn,1,2,1
pglyyugs,1,2,1
xtcbb,27,7,5
uqnx,1,2,1
esyja,2,3,1
gslc,1,2,1
gslb,110,18,25
zgbb,1,2,1
lgsj,3,4,1
lgsk,1,2,1
ghvncfag,1,2,1
egvpmhuv,1,2,1
zgbn,1,2,1
wmarrlio,2,3,1
xeiw,4,5,1
mkvraekv,2,3,1
bxwt,2,3,1
xejz,2,3,1
sfro,17,13,3
wosna,3,3,2
nrhx,4,4,2
wfauifhc,2,3,1
rxdxxeuq,4,3,2
uqxq,2,3,1
dzyf,2,3,1
bthminwe,1,2,1
ysadxttk,2,3,1
sovnbptf,11,9,2
grql,1,2,1
pzfm,1,2,1
vvzoiynl,1,2,1
nxvla,1,2,1
gutyfvqm,3,3,2
mtvua,1,2,1
bmbya,3,3,2
xedc,1,2,1
nrbo,3,4,1
nrav,21,17,3
xerb,1,2,1
xohzxumq,1,2,1
urde,4,5,1
blyeb,2,3,1
zgve,7,8,1
ewyoaxhv,2,3,1
xepq,5,5,2
nqssaoxt,1,2,1
ptxjjdrg,5,6,1
nivtshiz,1,2,1
xqevb,1,2,1
oizca,3,4,1
bxjf,1,2,1
zgtw,1,2,1
bxiv,22,23,1
pcvfbtlm,4,5,1
jrioa,1,2,1
sfff,2,3,1
abela,1,2,1
nqzj,8,9,1
xlvhqbxs,2,3,1
nqym,2,2,2
bxkv,6,6,2
grwq,1,2,1
nqxy,2,3,1
xfvi,4,5,1
zldfb,1,2,1
srshavly,1,2,1
dwdg,3,3,2
aknba,1,2,1
lfhy,1,2,1
zthya,4,4,2
xfxk,3,4,1
izbt,3,3,2
nqrz,1,2,1
nlcmeaad,1,2,1
xfxh,1,2,1
sier,1,2,1
izdz,12,13,1
uydca,2,3,1
lfms,5,4,2
zzswb,2,2,2
dwfp,1,2,1
izgp,7,4,5
lfoh,2,3,1
lfog,13,12,2
agtekusq,1,2,1
urll,25,5,20
nqxs,1,2,1
njzugdsq,1,2,1
nqxb,1,2,1
kcopa,10,11,1
lfqv,13,14,1
yvdua,4,4,2
shyp,1,2,1
bilkhjpm,1,2,1
zysxydmc,1,2,1
dwjb,1,2,1
guoxa,12,6,3
kwmkzuau,3,4,1
himmwifh,1,2,1
nqkn,1,2,1
urqf,1,2,1
dwjw,7,2,7
cleihehy,2,3,1
tbaxa,2,3,1
sazgzhxj,1,2,1
exaca,4,3,2
zhhx,1,2,1
gpgj,1,2,1
nqml,4,3,3
xgcs,2,3,1
vyppjjbo,3,4,1
xgfd,9,10,1
dwnv,3,3,2
jercakuj,1,2,1
dwob,2,3,1
entca,1,2,1
xfeu,3,4,1
izro,3,4,1
jzziffkn,2,3,1
gobhqpmo,1,2,1
xtkpaxvt,1,2,1
dwtg,1,2,1
urvl,1,2,1
onqza,1,2,1
izty,1,2,1
xfhi,1,2,1
txxsa,2,3,1
mptja,1,2,1
izsp,7,6,2
xfhs,22,20,2
izsk,2,3,1
xfiw,4,4,2
busl,1,2,1
bcnrb,1,2,1
izuw,1,2,1
lgax,4,5,1
gopp,1,2,1
lgac,55,50,3
zidm,1,2,1
npwy,4,5,1
oodda,2,3,1
vyrqa,1,2,1
npxr,5,6,1
izhw,1,2,1
izin,1,2,1
xfoz,2,3,1
buen,9,9,2
zzgjmwni,3,4,1
lgdk,1,2,1
jmvga,4,5,1
izkk,2,2,2
xfqv,1,2,1
siom,4,3,2
xfru,5,6,1
izmg,2,3,1
npzx,39,5,25
usco,2,3,1
xfro,5,6,1
goxy,4,4,2
lgjn,2,3,1
bugy,4,5,1
buht,3,3,2
zhzt,3,4,1
lffza,1,2,1
lehy,5,5,2
hssza,3,4,1
mntbrpgx,14,14,2
leje,1,2,1
bwak,3,4,1
npqr,1,2,1
arqla,1,2,1
bwce,2,3,1
npui,2,3,1
usmp,1,2,1
dxhj,2,3,1
dxjf,1,2,1
zirj,2,3,1
nptc,1,2,1
aichb,1,2,1
leld,1,2,1
ziqz,2,3,1
skoja,2,3,1
ltqvb,8,9,1
zign,5,6,1
dxms,1,2,1
bvxd,1,2,1
jxlkgxlh,8,8,2
ehnpb,1,2,1
xhaf,9,8,2
usql,4,4,2
izzz,2,3,1
npgv,2,3,1
gqke,1,2,1
leuy,1,2,1
zikz,1,2,1
ozwwa,5,6,1
smzpa,5,6,1
xhez,2,3,1
fezjznjm,57,57,2
dxsm,2,3,1
dmypjxus,2,3,1
gpmmlzen,1,2,1
lezy,1,2,1
gpne,2,3,1
xquna,10,11,1
shri,1,2,1
dxtb,1,2,1
shrx,2,3,1
gpmj,1,2,1
iejja,7,8,1
shrm,92,78,2
gpms,1,2,1
jipvyqqv,1,2,1
bvqs,1,2,1
eyabcsiv,3,4,1
bhlvzgoh,2,2,2
lexi,2,3,1
gplq,1,2,1
crsfzonc,2,3,1
alkywgxh,2,3,1
xghp,12,4,5
zjel,6,6,2
xgmr,4,3,3
aibtb,1,2,1
bdnkymdl,9,9,2
rvhcb,2,3,1
jdxdqeed,4,5,1
gpqb,1,2,1
nlhexicr,13,14,1
zjcx,1,2,1
xglp,1,2,1
lfcq,5,5,2
shjj,2,3,1
ltrhc,3,4,1
zixx,1,2,1
gptm,3,4,1
fnmoa,3,4,1
ayumkjeh,4,5,1
gpsy,3,4,1
sigeowrd,3,3,2
lfac,3,3,2
pxvsnvzu,5,6,1
oynvinlv,2,3,1
dycc,3,4,1
ybqfjdrz,30,3,25
bvmf,1,2,1
akmuc,6,7,1
noje,4,5,1
zjkp,1,2,1
zjks,1,2,1
nhrwb,1,2,1
pijba,2,3,1
ljorgjme,1,2,1
wqwqskrm,1,2,1
nokn,1,2,1
cpizb,1,2,1
qanh,18,12,8
zjnm,1,2,1
zjnr,9,10,1
utsp,3,4,1
hxdmorjs,1,2,1
mvqsigvm,1,2,1
aapzacrw,1,2,1
nodl,2,3,1
wvxn,1,2,1
yqdnb,1,2,1
qaki,1,2,1
adjva,1,2,1
jpbda,1,2,1
oofda,2,2,2
jlcrywrg,1,2,1
vaurwvqy,1,2,1
utnx,1,2,1
vewmvxkl,2,2,2
nomha,3,3,2
qjvtnqox,16,11,5
gvne,1,2,1
ggltjaxp,2,3,1
ybisa,3,4,1
wwhi,3,3,2
bcpgb,1,2,1
bcpga,1,2,1
qbbcktkz,1,2,1
ixbw,13,14,1
hpfrbpco,1,2,1
wwcb,2,3,1
mbjxa,2,3,1
llvn,1,2,1
nonk,10,10,2
sbica,3,4,1
btipfkuh,1,2,1
nomg,1,2,1
sbxb,7,5,2
sbxc,1,2,1
wwdv,1,2,1
llxk,3,4,1
axwcnkbe,7,5,2
zjrj,2,3,1
llwj,1,2,1
gvcn,1,2,1
axxtd,1,2,1
lmtp,2,2,2
mbjca,1,2,1
gvds,1,2,1
wtdma,1,2,1
hugma,2,3,1
gvee,1,2,1
afejb,1,2,1
wvnp,2,2,2
uujx,2,2,2
rpvnkzix,5,5,2
lmuu,5,6,1
ixlh,1,2,1
avwca,3,4,1
lmnx,1,2,1
zjwh,1,2,1
mnvua,2,3,1
nnsw,2,3,1
lmot,3,2,3
lmqf,1,2,1
suhryhyc,1,2,1
wvjo,1,2,1
jiqzfqdb,7,7,2
prrfa,3,4,1
zjze,4,5,1
wvtm,9,8,2
wvuu,3,4,1
afesa,1,2,1
sclr,3,4,1
srvya,1,2,1
orcqwgmr,36,31,4
lmmj,1,2,1
wvwp,1,2,1
gqjma,1,2,1
uhsfa,13,9,2
guus,2,2,2
lmff,1,2,1
utzx,1,2,1
zkbm,2,3,1
oivmlpli,1,2,1
oxtsa,1,2,1
izflaohm,1,2,1
avwma,1,2,1
guwd,3,4,1
kspjqujb,16,15,3
lmhq,1,2,1
schd,4,4,2
llcv,6,7,1
llcx,2,3,1
bxxjreip,1,2,1
llcc,3,4,1
rjrolfef,28,27,2
saoj,11,6,2
gwvu,1,2,1
pxwfsygy,2,3,1
anckanaz,1,2,1
tpsmatfb,46,31,4
iuvgnlbz,7,8,1
xaty,12,11,2
kvjwmcrz,20,16,3
abaua,2,2,2
zkwx,2,3,1
lkzp,11,8,4
bual,19,4,14
lkzv,1,2,1
mtzma,4,5,1
nwuwawmz,1,2,1
uuqe,1,2,1
lkxd,1,2,1
buco,1,2,1
onuxa,1,2,1
sawl,8,6,2
iycn,14,15,1
hqbtfdib,1,2,1
nnmr,1,2,1
nnnd,29,16,5
gwlw,1,2,1
ruaibozs,1,2,1
jyofa,1,2,1
lkst,3,4,1
gwjl,3,4,1
xellkfmy,9,10,1
zkre,9,4,4
lkss,7,8,1
avuxb,1,2,1
sarh,1,2,1
uukz,1,2,1
lksj,1,2,1
rrhib,23,19,4
tuxdjzmw,1,2,1
xagg,2,3,1
zrqdaruv,1,2,1
aihza,3,4,1
uvgl,3,4,1
gxtobadx,1,2,1
btbh,1,2,1
iyiq,36,4,25
btcm,2,3,1
xaej,3,4,1
iyjs,1,2,1
uvhr,8,6,2
gwcx,3,4,1
dxhfa,3,4,1
wwii,2,3,1
btec,2,3,1
iyhr,2,3,1
jtzca,11,9,4
ehkua,7,5,3
jkcka,2,3,1
btoh,1,2,1
sbhl,1,2,1
faewcslm,1,2,1
gvyj,1,2,1
sqppspin,1,2,1
zldy,1,2,1
btkz,1,2,1
gvwh,1,2,1
iyod,1,2,1
lldz,7,6,2
gvxk,1,2,1
ielra,2,3,1
btmq,1,2,1
sbdv,1,2,1
lleu,8,7,2
sbdy,1,2,1
nmad,2,3,1
xbvb,10,6,3
ymkspmay,1,2,1
vyftlweu,1,2,1
iupx,3,4,1
rreyb,1,2,1
uvvx,1,2,1
ljxz,3,4,1
jkozb,1,2,1
iupb,5,4,3
wokda,1,2,1
nmce,6,7,1
zlmg,4,5,1
xbwu,1,2,1
aihlb,1,2,1
uvxq,1,2,1
xbzc,2,3,1
wtbya,6,7,1
gtoh,1,2,1
gtoq,1,2,1
achxlpcq,1,2,1
wydu,1,2,1
lkap,1,2,1
usqhiyln,1,2,1
lqxvbuer,2,2,2
jdneb,2,3,1
jauinulo,2,3,1
qcre,4,4,2
njyeb,2,3,1
cxkza,1,2,1
bqxh,2,3,1
wyfs,1,2,1
bahga,1,2,1
xbme,1,2,1
uvnn,1,2,1
kggzabjz,7,8,1
wyfz,3,4,1
adhmb,1,2,1
iuxh,1,2,1
nmht,1,2,1
kmhsdhti,1,2,1
hgckdhcb,2,3,1
zlup,1,2,1
gtfi,1,2,1
edbja,6,6,2
xbpr,7,6,2
uvoo,1,2,1
iuyp,3,4,1
ljsb,1,2,1
nmnn,1,2,1
zlwp,1,2,1
uvsj,1,2,1
ijzgjugc,1,2,1
bqzq,2,3,1
wyjg,9,10,1
uvtw,1,2,1
xbtq,9,4,6
nmod,2,3,1
bgplxrgz,5,6,1
zdiwifsf,5,6,1
nlnz,7,7,2
sebo,3,4,1
sebn,2,2,2
xbfg,17,14,2
gszd,2,3,1
ivad,1,2,1
etblb,1,2,1
ntcka,1,2,1
gszs,2,3,1
seco,1,2,1
anmesyaj,1,2,1
lklc,1,2,1
etbka,1,2,1
ntchb,2,3,1
ymlxrwlh,2,3,1
oypsnysj,1,2,1
xbhl,2,3,1
uwil,3,3,2
seee,2,3,1
seeq,9,8,2
ivds,1,2,1
xbgc,1,2,1
iceub,7,8,1
bqbi,3,4,1
xbjm,1,2,1
bqbv,14,8,4
bmnbdenm,2,3,1
lkor,1,2,1
gkcbgvyg,3,3,2
vrphponu,6,6,2
xblt,3,4,1
bmffa,3,3,2
dxmsplpg,2,3,1
yblqa,2,3,1
wxrs,1,2,1
zezbuczk,3,2,3
ivhw,1,2,1
bqff,3,4,1
nlwc,1,2,1
wxte,5,5,2
ivic,7,7,2
nlxp,1,2,1
axzua,3,4,1
ukjma,1,2,1
nlxe,3,4,1
wxuf,1,2,1
bqdn,2,2,2
bqdb,2,3,1
wxvj,4,5,1
qbuj,2,2,2
fspmxroe,5,6,1
ltywpfsq,5,5,2
bqjr,2,3,1
uwct,7,8,1
iqgha,9,10,1
rhxktrbq,2,3,1
gswd,7,8,1
bqkc,2,3,1
seon,7,8,1
sepi,1,2,1
bqhi,4,5,1
agovdhyq,3,4,1
zmlu,1,2,1
mdergwsx,2,3,1
osmha,1,2,1
nlah,2,3,1
zzvxa,2,2,2
qblx,1,2,1
qblq,2,3,1
zmmw,5,4,2
gunm,8,8,2
lixx,3,4,1
rbiwkybr,6,7,1
lixl,1,2,1
zmnk,1,2,1
scnr,4,3,2
ezihcbop,1,2,1
uwxc,9,10,1
gurd,3,4,1
qggba,2,2,2
bruf,33,7,22
zmqd,3,4,1
qbnu,2,3,1
nlbp,7,6,2
bvrqa,1,2,1
flppzwdk,15,16,1
wzjv,1,2,1
qbds,1,2,1
ljzymyjv,2,3,1
uwrb,1,2,1
scwl,3,4,1
liph,2,3,1
tptxnbxq,1,2,1
wzhv,3,4,1
ebftnilk,5,5,2
wzgh,2,3,1
wzgi,2,3,1
nlne,1,2,1
eeplvumn,2,3,1
xcvh,1,2,1
xlqha,1,2,1
liuc,1,2,1
vmfga,4,5,1
brzp,1,2,1
xcsl,3,4,1
qbgr,1,2,1
guiv,1,2,1
wzkl,1,2,1
wzlb,3,4,1
dunzekhy,2,3,1
ljjw,6,7,1
ppfibeoo,2,3,1
znaf,1,2,1
ekwtzslx,1,2,1
uxlw,1,2,1
neekezqj,2,3,1
ddxrfmxc,2,3,1
uxin,3,4,1
wyol,1,2,1
xcgu,1,2,1
ljji,4,4,2
wynl,2,3,1
rxcxmfjf,4,5,1
znfo,3,4,1
xcnv,1,2,1
usqsvgwo,6,3,5
sdey,11,6,3
xcnm,2,3,1
pwnwmxiu,4,4,2
alpprbhl,2,3,1
xcnj,1,2,1
iwjj,12,13,1
qban,13,14,1
brcj,1,2,1
sdge,1,2,1
ljlp,2,3,1
wyrh,3,4,1
xcld,1,2,1
wysn,1,2,1
qarm,1,2,1
xcbk,1,2,1
pbyca,2,2,2
ledzijdu,4,5,1
suogklbc,2,3,1
gttk,5,4,3
yufda,4,5,1
xcfz,1,2,1
gtyl,1,2,1
hqmga,1,2,1
nhgnajgq,4,5,1
qawg,1,2,1
qaub,7,8,1
gtxp,1,2,1
